-- phpMyAdmin SQL Dump
-- version 4.2.7.1
-- http://www.phpmyadmin.net
--
-- Host: 127.0.0.1
-- Generation Time: 01 Jan 2017 pada 19.19
-- Versi Server: 5.6.20
-- PHP Version: 5.5.15

SET SQL_MODE = "NO_AUTO_VALUE_ON_ZERO";
SET time_zone = "+00:00";


/*!40101 SET @OLD_CHARACTER_SET_CLIENT=@@CHARACTER_SET_CLIENT */;
/*!40101 SET @OLD_CHARACTER_SET_RESULTS=@@CHARACTER_SET_RESULTS */;
/*!40101 SET @OLD_COLLATION_CONNECTION=@@COLLATION_CONNECTION */;
/*!40101 SET NAMES utf8 */;

--
-- Database: `pengolah_nilai_new`
--

-- --------------------------------------------------------

--
-- Struktur dari tabel `daftar_nilai`
--

CREATE TABLE IF NOT EXISTS `daftar_nilai` (
`id_daftar_nilai` int(11) NOT NULL,
  `id_mapel` int(11) NOT NULL,
  `id_kelas` int(11) NOT NULL,
  `nip_guru` varchar(100) NOT NULL,
  `semester` int(1) NOT NULL,
  `thn_pel` varchar(50) NOT NULL
) ENGINE=InnoDB  DEFAULT CHARSET=latin1 AUTO_INCREMENT=13 ;

--
-- Dumping data untuk tabel `daftar_nilai`
--

INSERT INTO `daftar_nilai` (`id_daftar_nilai`, `id_mapel`, `id_kelas`, `nip_guru`, `semester`, `thn_pel`) VALUES
(1, 1, 13, '196402081984121005', 1, '2015/2016'),
(2, 2, 13, '196402081984121005', 1, '2015/2016'),
(3, 3, 13, '196402081984121005', 1, '2015/2016'),
(4, 4, 13, '196402081984121005', 1, '2015/2016'),
(5, 5, 13, '196402081984121005', 1, '2015/2016'),
(6, 6, 13, '196402081984121005', 1, '2015/2016'),
(7, 7, 13, '196402081984121005', 1, '2015/2016'),
(8, 8, 13, '196402081984121005', 1, '2015/2016'),
(9, 9, 13, '196402081984121005', 1, '2015/2016'),
(10, 10, 13, '196402081984121005', 1, '2015/2016'),
(11, 11, 13, '196402081984121005', 1, '2015/2016'),
(12, 1, 1, '001', 1, '2015/2016');

-- --------------------------------------------------------

--
-- Struktur dari tabel `guru`
--

CREATE TABLE IF NOT EXISTS `guru` (
  `nip_guru` varchar(100) NOT NULL,
  `nama_guru` varchar(250) NOT NULL,
  `jk` enum('l','p') NOT NULL
) ENGINE=InnoDB DEFAULT CHARSET=latin1;

--
-- Dumping data untuk tabel `guru`
--

INSERT INTO `guru` (`nip_guru`, `nama_guru`, `jk`) VALUES
('001', 'AYUDIA SETIADI', 'p'),
('002', 'DENI SETIYAWAN', 'l'),
('003', 'LITTA RIANNA PUTRI, S.Pd', 'p'),
('0958763665300012', 'CICI KURNIASIH, S.Pd', 'p'),
('1344761665200003', 'NURDANI FERDIANA', 'l'),
('1939767669210022', 'ADE WAHYUNI, S.Pd', 'p'),
('195805071979122002', 'RATININGSIH, S.Pd.SD', 'p'),
('196007051982042005', 'EUIS SUWARSIH, S.Pd', 'p'),
('196212191984102004', 'IDA FARIDA', 'p'),
('196307301984101002', 'TATA RASMIDI, S.Pd', 'l'),
('196402081984121005', 'ADANG SOBIRIN, S.Pd.I', 'l'),
('196402101984102008', 'Hj. EEN NURAENI, S.Pd', 'p'),
('196706152008012005', 'SUSANAH, S.Pd', 'p'),
('196801111988032007', 'Dra. ANDINI PRIHATMI', 'p'),
('196810252007011012', 'IRWAN, S.Pd', 'l'),
('197008181992122001', 'NILASARI HARYONO, S.Pd', 'p'),
('197105212007012009', 'DARNI WIDOWATI, S.Pd', 'p'),
('197406021998032005', 'DJUNI ATUN, S.Pd.SD', 'p'),
('198304072011011002', 'AEP SAEFULLOH, S.Pd.I', 'l'),
('8449763664300003', 'SITI QURâ€™ANI, S.Pd', 'p'),
('9453751654200003', 'DEDE NURHENDI, S.Pd', 'l');

-- --------------------------------------------------------

--
-- Struktur dari tabel `hasil_raport`
--

CREATE TABLE IF NOT EXISTS `hasil_raport` (
`id_hasil_raport` int(11) NOT NULL,
  `id_mengajar` int(11) NOT NULL,
  `catatan_pengembangan` text NOT NULL,
  `catatan` text NOT NULL,
  `sikap` varchar(1) NOT NULL,
  `kerajinan` varchar(1) NOT NULL,
  `kebersihan_kerapihan` varchar(1) NOT NULL,
  `izin` int(3) NOT NULL,
  `sakit` int(3) NOT NULL,
  `tanpa_keterangan` int(3) NOT NULL,
  `semester` int(1) NOT NULL,
  `thn_pel` varchar(50) NOT NULL
) ENGINE=InnoDB  DEFAULT CHARSET=latin1 AUTO_INCREMENT=36 ;

--
-- Dumping data untuk tabel `hasil_raport`
--

INSERT INTO `hasil_raport` (`id_hasil_raport`, `id_mengajar`, `catatan_pengembangan`, `catatan`, `sikap`, `kerajinan`, `kebersihan_kerapihan`, `izin`, `sakit`, `tanpa_keterangan`, `semester`, `thn_pel`) VALUES
(1, 1, 'Pramuka : A', 'Cukup Baik', 'A', 'B', 'A', 0, 4, 0, 1, '2015/2016'),
(2, 2, 'Pramuka : B', '', 'B', 'A', 'B', 1, 5, 0, 1, '2015/2016'),
(3, 3, '', '', 'A', 'B', 'A', 3, 6, 3, 1, '2015/2016'),
(4, 4, '', '', 'A', 'A', 'A', 0, 0, 0, 1, '2015/2016'),
(5, 5, '', '', 'A', 'B', 'A', 2, 3, 0, 1, '2015/2016'),
(6, 6, '', '', 'A', 'A', 'A', 0, 3, 0, 1, '2015/2016'),
(7, 7, '', '', 'A', 'A', 'A', 0, 0, 0, 1, '2015/2016'),
(8, 8, '', '', 'A', 'A', 'A', 0, 0, 0, 1, '2015/2016'),
(9, 9, '', '', 'A', 'A', 'A', 0, 0, 0, 1, '2015/2016'),
(10, 10, '', '', 'A', 'A', 'A', 0, 0, 0, 1, '2015/2016'),
(11, 11, '', '', 'A', 'A', 'A', 0, 0, 0, 1, '2015/2016'),
(12, 12, '', '', 'A', 'A', 'A', 0, 0, 0, 1, '2015/2016'),
(13, 13, '', '', 'A', 'A', 'A', 0, 0, 0, 1, '2015/2016'),
(14, 14, '', '', 'A', 'A', 'A', 0, 0, 0, 1, '2015/2016'),
(15, 15, '', '', 'A', 'A', 'A', 0, 0, 0, 1, '2015/2016'),
(16, 16, '', '', 'A', 'A', 'A', 0, 0, 0, 1, '2015/2016'),
(17, 17, '', '', 'A', 'A', 'A', 0, 0, 0, 1, '2015/2016'),
(18, 18, '', '', 'A', 'A', 'A', 0, 0, 0, 1, '2015/2016'),
(19, 19, '', '', 'A', 'A', 'A', 0, 0, 0, 1, '2015/2016'),
(20, 20, '', '', 'A', 'A', 'A', 0, 0, 0, 1, '2015/2016'),
(21, 21, '', '', 'A', 'A', 'A', 0, 0, 0, 1, '2015/2016'),
(22, 22, '', '', 'A', 'A', 'A', 0, 0, 0, 1, '2015/2016'),
(23, 23, '', '', 'A', 'A', 'A', 0, 0, 0, 1, '2015/2016'),
(24, 24, '', '', 'A', 'A', 'A', 0, 0, 0, 1, '2015/2016'),
(25, 25, '', '', 'A', 'A', 'A', 0, 0, 0, 1, '2015/2016'),
(26, 26, '', '', 'A', 'A', 'A', 0, 0, 0, 1, '2015/2016'),
(27, 27, '', '', 'A', 'A', 'A', 0, 0, 0, 1, '2015/2016'),
(28, 28, '', '', 'A', 'A', 'A', 0, 0, 0, 1, '2015/2016'),
(29, 29, '', '', 'A', 'A', 'A', 0, 0, 0, 1, '2015/2016'),
(30, 30, '', '', 'A', 'A', 'A', 0, 0, 0, 1, '2015/2016'),
(31, 31, '', '', 'A', 'A', 'A', 0, 0, 0, 1, '2015/2016'),
(32, 32, '', '', 'A', 'A', 'A', 0, 0, 0, 1, '2015/2016'),
(33, 33, '', '', 'A', 'A', 'A', 0, 0, 0, 1, '2015/2016'),
(34, 34, '', '', 'A', 'A', 'A', 0, 0, 0, 1, '2015/2016'),
(35, 35, '', '', 'A', 'A', 'A', 0, 0, 0, 1, '2015/2016');

-- --------------------------------------------------------

--
-- Struktur dari tabel `kelas`
--

CREATE TABLE IF NOT EXISTS `kelas` (
`id_kelas` int(11) NOT NULL,
  `nama_kelas` varchar(75) NOT NULL
) ENGINE=InnoDB  DEFAULT CHARSET=latin1 AUTO_INCREMENT=25 ;

--
-- Dumping data untuk tabel `kelas`
--

INSERT INTO `kelas` (`id_kelas`, `nama_kelas`) VALUES
(1, '1A'),
(2, '1B'),
(3, '1C'),
(4, '1D'),
(5, '2A'),
(6, '2B'),
(7, '2C'),
(8, '2D'),
(9, '3A'),
(10, '3B'),
(11, '3C'),
(12, '3D'),
(13, '4A'),
(14, '4B'),
(15, '4C'),
(16, '4D'),
(17, '5A'),
(18, '5B'),
(19, '5C'),
(20, '5D'),
(21, '6A'),
(22, '6B'),
(23, '6C'),
(24, '6D');

-- --------------------------------------------------------

--
-- Struktur dari tabel `login`
--

CREATE TABLE IF NOT EXISTS `login` (
`id_login` int(11) NOT NULL,
  `nama_admin` varchar(150) NOT NULL,
  `username` varchar(32) NOT NULL,
  `password` varchar(32) NOT NULL,
  `jabatan` varchar(30) NOT NULL
) ENGINE=InnoDB  DEFAULT CHARSET=latin1 AUTO_INCREMENT=3 ;

--
-- Dumping data untuk tabel `login`
--

INSERT INTO `login` (`id_login`, `nama_admin`, `username`, `password`, `jabatan`) VALUES
(1, 'Admin', 'admin', 'admin', 'admin'),
(2, 'SRI PRIHATININGSIH, S.Pd', 'sri', '12345678', 'kepsek');

-- --------------------------------------------------------

--
-- Struktur dari tabel `login_guru`
--

CREATE TABLE IF NOT EXISTS `login_guru` (
`id_login` int(11) NOT NULL,
  `username` varchar(32) NOT NULL,
  `password` varchar(32) NOT NULL,
  `nip_guru` varchar(100) NOT NULL
) ENGINE=InnoDB  DEFAULT CHARSET=latin1 AUTO_INCREMENT=4 ;

--
-- Dumping data untuk tabel `login_guru`
--

INSERT INTO `login_guru` (`id_login`, `username`, `password`, `nip_guru`) VALUES
(1, 'ratiningsih', '12345678', '195805071979122002'),
(2, 'een', '12345678', '196402101984102008'),
(3, 'adang', '12345678', '196402081984121005');

-- --------------------------------------------------------

--
-- Struktur dari tabel `mapel`
--

CREATE TABLE IF NOT EXISTS `mapel` (
`id_mapel` int(11) NOT NULL,
  `nama_mapel` varchar(175) NOT NULL,
  `kkm` int(3) NOT NULL,
  `jenis_mapel` varchar(25) NOT NULL
) ENGINE=InnoDB  DEFAULT CHARSET=latin1 AUTO_INCREMENT=12 ;

--
-- Dumping data untuk tabel `mapel`
--

INSERT INTO `mapel` (`id_mapel`, `nama_mapel`, `kkm`, `jenis_mapel`) VALUES
(1, 'Pendidikan Agama', 72, 'Bukan Mulok'),
(2, 'Pendidikan Kewarganegaraan', 67, 'Bukan Mulok'),
(3, 'Bahasa Indonesia', 67, 'Bukan Mulok'),
(4, 'Matematika', 67, 'Bukan Mulok'),
(5, 'Ilmu Pengetahuan Alam', 67, 'Bukan Mulok'),
(6, 'Ilmu Pengetahuan Sosial', 67, 'Bukan Mulok'),
(7, 'Seni Budaya dan Keterampilan', 67, 'Bukan Mulok'),
(8, 'Pendidikan Jasmani. Olahraga dan Kesehatan', 67, 'Bukan Mulok'),
(9, 'Bahasa dan Sastra Sunda', 67, 'Mulok'),
(10, 'PLH', 67, 'Mulok'),
(11, 'Bahasa Inggris', 70, 'Mulok');

-- --------------------------------------------------------

--
-- Struktur dari tabel `mengajar`
--

CREATE TABLE IF NOT EXISTS `mengajar` (
`id_mengajar` int(11) NOT NULL,
  `no_induk` varchar(12) NOT NULL,
  `id_kelas` int(11) NOT NULL,
  `nip_guru` varchar(100) NOT NULL
) ENGINE=InnoDB  DEFAULT CHARSET=latin1 AUTO_INCREMENT=36 ;

--
-- Dumping data untuk tabel `mengajar`
--

INSERT INTO `mengajar` (`id_mengajar`, `no_induk`, `id_kelas`, `nip_guru`) VALUES
(1, '0045011836', 13, '196402081984121005'),
(2, '0035649355', 13, '196402081984121005'),
(3, '0038474814', 13, '196402081984121005'),
(4, '0043835550', 13, '196402081984121005'),
(5, '0047942585', 13, '196402081984121005'),
(6, '0049840216', 13, '196402081984121005'),
(7, '0051780836', 13, '196402081984121005'),
(8, '0052440957', 13, '196402081984121005'),
(9, '0054414801', 13, '196402081984121005'),
(10, '0054536764', 13, '196402081984121005'),
(11, '0056152176', 13, '196402081984121005'),
(12, '0056167420', 13, '196402081984121005'),
(13, '0057650439', 13, '196402081984121005'),
(14, '0058829668', 13, '196402081984121005'),
(15, '0059609880', 13, '196402081984121005'),
(16, '0059735409', 13, '196402081984121005'),
(17, '0062787068', 13, '196402081984121005'),
(18, '0063056245', 13, '196402081984121005'),
(19, '0063642049', 13, '196402081984121005'),
(20, '0063867507', 13, '196402081984121005'),
(21, '0064147170', 13, '196402081984121005'),
(22, '0064502094', 13, '196402081984121005'),
(23, '0064664120', 13, '196402081984121005'),
(24, '0064671757', 13, '196402081984121005'),
(25, '0064801636', 13, '196402081984121005'),
(26, '0066005781', 13, '196402081984121005'),
(27, '0067234686', 13, '196402081984121005'),
(28, '0067709296', 13, '196402081984121005'),
(29, '0067865972', 13, '196402081984121005'),
(30, '0068811200', 13, '196402081984121005'),
(31, '0068982650', 13, '196402081984121005'),
(32, '0069330641', 13, '196402081984121005'),
(33, '12131014', 13, '196402081984121005'),
(34, '14151087', 13, '196402081984121005'),
(35, '14153096', 13, '196402081984121005');

-- --------------------------------------------------------

--
-- Struktur dari tabel `siswa`
--

CREATE TABLE IF NOT EXISTS `siswa` (
  `no_induk` varchar(12) NOT NULL,
  `nama_siswa` varchar(200) NOT NULL,
  `jenis_kelamin` enum('l','p') NOT NULL
) ENGINE=InnoDB DEFAULT CHARSET=latin1;

--
-- Dumping data untuk tabel `siswa`
--

INSERT INTO `siswa` (`no_induk`, `nama_siswa`, `jenis_kelamin`) VALUES
('0035649355', 'FACHRY ADITIYA', 'l'),
('0038474814', 'MOHAMAD YUSUP', 'l'),
('0043835550', 'MUHAMMAD SYADAN DAFFA', 'l'),
('0045011836', 'MUHAMMAD RASYID', 'l'),
('0047942585', 'HIKMATUL MAULIDA', 'p'),
('0049840216', 'FEBRIO DUGI RAHAYU', 'p'),
('0051780836', 'MUHAMMAD FAUZAN JAMIL', 'l'),
('0052440957', 'TESSA AULIA PUTRI', 'p'),
('0054414801', 'ARYA RAMADHAN', 'l'),
('0054536764', 'MUHAMMAD FATURRAHMAN', 'l'),
('0056152176', 'VERONIKA OLLA', 'p'),
('0056167420', 'M. QOIYUM RASYID', 'l'),
('0057650439', 'SITI FELIA NINGRUM', 'p'),
('0058829668', 'PUTRI MARWAH AL-JUNAEDI', 'p'),
('0059609880', 'AIDINA FITRIA', 'p'),
('0059735409', 'ZAHRA KHAIRUNISSA', 'p'),
('0062787068', 'MOCHAMAD RICKY RIFALDO', 'l'),
('0063056245', 'MUHAMMAD DZIBAN HENRY NUGROHO', 'l'),
('0063642049', 'ALYA SAFITRI', 'p'),
('0063867507', 'SALWAANAYA ALEDYA YUSUF', 'p'),
('0064147170', 'FANY OKTAVIA', 'p'),
('0064502094', 'MUHAMAD ZIDAN SUGINDA', 'l'),
('0064664120', 'GHAZY NURFAWWAZ', 'l'),
('0064671757', 'NAJDAH KHOLISOH', 'p'),
('0064801636', 'FAJRINA AULIA PUTRI', 'p'),
('0066005781', 'REZA WAHYUDI', 'l'),
('0067234686', 'ANNAFA PUTRI', 'p'),
('0067709296', 'SRI AZKA AULIA', 'p'),
('0067865972', 'SAIHAN ATHALLAH PUTRA ARIANTO', 'l'),
('0068811200', 'VALENTINO DIA BARA N', 'l'),
('0068982650', 'NAFISA ZAHIRA FASYA', 'p'),
('0069330641', 'RAKHA RASYA SETIAWAN', 'l'),
('12131014', 'FAIQAH MAESA AYU', 'p'),
('14151087', 'KEISA ASYURA ILHAM', 'p'),
('14153096', 'ALIEFFERO JENAR SAPUTRA', 'l');

-- --------------------------------------------------------

--
-- Struktur dari tabel `tugas`
--

CREATE TABLE IF NOT EXISTS `tugas` (
`id_tugas` int(11) NOT NULL,
  `id_mengajar` int(11) NOT NULL,
  `id_daftar_nilai` int(11) NOT NULL,
  `ulangan_ke` int(11) NOT NULL,
  `nilai` int(3) NOT NULL
) ENGINE=InnoDB  DEFAULT CHARSET=latin1 AUTO_INCREMENT=3081 ;

--
-- Dumping data untuk tabel `tugas`
--

INSERT INTO `tugas` (`id_tugas`, `id_mengajar`, `id_daftar_nilai`, `ulangan_ke`, `nilai`) VALUES
(1, 1, 1, 1, 76),
(2, 1, 1, 2, 91),
(3, 1, 1, 3, 79),
(4, 1, 1, 4, 89),
(5, 1, 1, 5, 86),
(6, 1, 1, 6, 84),
(7, 1, 1, 7, 89),
(8, 1, 1, 8, 99),
(9, 2, 1, 1, 84),
(10, 2, 1, 2, 96),
(11, 2, 1, 3, 89),
(12, 2, 1, 4, 67),
(13, 2, 1, 5, 95),
(14, 2, 1, 6, 67),
(15, 2, 1, 7, 74),
(16, 2, 1, 8, 73),
(17, 3, 1, 1, 77),
(18, 3, 1, 2, 81),
(19, 3, 1, 3, 73),
(20, 3, 1, 4, 100),
(21, 3, 1, 5, 96),
(22, 3, 1, 6, 91),
(23, 3, 1, 7, 99),
(24, 3, 1, 8, 89),
(25, 4, 1, 1, 92),
(26, 4, 1, 2, 86),
(27, 4, 1, 3, 92),
(28, 4, 1, 4, 86),
(29, 4, 1, 5, 75),
(30, 4, 1, 6, 81),
(31, 4, 1, 7, 74),
(32, 4, 1, 8, 94),
(33, 5, 1, 1, 80),
(34, 5, 1, 2, 69),
(35, 5, 1, 3, 92),
(36, 5, 1, 4, 74),
(37, 5, 1, 5, 69),
(38, 5, 1, 6, 76),
(39, 5, 1, 7, 96),
(40, 5, 1, 8, 88),
(41, 6, 1, 1, 79),
(42, 6, 1, 2, 70),
(43, 6, 1, 3, 100),
(44, 6, 1, 4, 97),
(45, 6, 1, 5, 99),
(46, 6, 1, 6, 68),
(47, 6, 1, 7, 75),
(48, 6, 1, 8, 86),
(49, 7, 1, 1, 76),
(50, 7, 1, 2, 81),
(51, 7, 1, 3, 94),
(52, 7, 1, 4, 70),
(53, 7, 1, 5, 100),
(54, 7, 1, 6, 97),
(55, 7, 1, 7, 72),
(56, 7, 1, 8, 88),
(57, 8, 1, 1, 73),
(58, 8, 1, 2, 74),
(59, 8, 1, 3, 69),
(60, 8, 1, 4, 92),
(61, 8, 1, 5, 91),
(62, 8, 1, 6, 88),
(63, 8, 1, 7, 100),
(64, 8, 1, 8, 75),
(65, 9, 1, 1, 91),
(66, 9, 1, 2, 75),
(67, 9, 1, 3, 70),
(68, 9, 1, 4, 79),
(69, 9, 1, 5, 77),
(70, 9, 1, 6, 79),
(71, 9, 1, 7, 86),
(72, 9, 1, 8, 80),
(73, 10, 1, 1, 99),
(74, 10, 1, 2, 90),
(75, 10, 1, 3, 92),
(76, 10, 1, 4, 97),
(77, 10, 1, 5, 77),
(78, 10, 1, 6, 98),
(79, 10, 1, 7, 74),
(80, 10, 1, 8, 86),
(81, 11, 1, 1, 83),
(82, 11, 1, 2, 76),
(83, 11, 1, 3, 80),
(84, 11, 1, 4, 93),
(85, 11, 1, 5, 94),
(86, 11, 1, 6, 81),
(87, 11, 1, 7, 95),
(88, 11, 1, 8, 90),
(89, 12, 1, 1, 80),
(90, 12, 1, 2, 74),
(91, 12, 1, 3, 95),
(92, 12, 1, 4, 68),
(93, 12, 1, 5, 81),
(94, 12, 1, 6, 89),
(95, 12, 1, 7, 91),
(96, 12, 1, 8, 76),
(97, 13, 1, 1, 76),
(98, 13, 1, 2, 75),
(99, 13, 1, 3, 81),
(100, 13, 1, 4, 70),
(101, 13, 1, 5, 75),
(102, 13, 1, 6, 95),
(103, 13, 1, 7, 91),
(104, 13, 1, 8, 76),
(105, 14, 1, 1, 75),
(106, 14, 1, 2, 87),
(107, 14, 1, 3, 67),
(108, 14, 1, 4, 100),
(109, 14, 1, 5, 96),
(110, 14, 1, 6, 88),
(111, 14, 1, 7, 73),
(112, 14, 1, 8, 71),
(113, 15, 1, 1, 96),
(114, 15, 1, 2, 99),
(115, 15, 1, 3, 99),
(116, 15, 1, 4, 70),
(117, 15, 1, 5, 79),
(118, 15, 1, 6, 77),
(119, 15, 1, 7, 100),
(120, 15, 1, 8, 96),
(121, 16, 1, 1, 76),
(122, 16, 1, 2, 86),
(123, 16, 1, 3, 69),
(124, 16, 1, 4, 81),
(125, 16, 1, 5, 78),
(126, 16, 1, 6, 86),
(127, 16, 1, 7, 81),
(128, 16, 1, 8, 97),
(129, 17, 1, 1, 68),
(130, 17, 1, 2, 71),
(131, 17, 1, 3, 91),
(132, 17, 1, 4, 82),
(133, 17, 1, 5, 98),
(134, 17, 1, 6, 88),
(135, 17, 1, 7, 79),
(136, 17, 1, 8, 74),
(137, 18, 1, 1, 75),
(138, 18, 1, 2, 96),
(139, 18, 1, 3, 92),
(140, 18, 1, 4, 72),
(141, 18, 1, 5, 88),
(142, 18, 1, 6, 73),
(143, 18, 1, 7, 71),
(144, 18, 1, 8, 77),
(145, 19, 1, 1, 84),
(146, 19, 1, 2, 83),
(147, 19, 1, 3, 83),
(148, 19, 1, 4, 100),
(149, 19, 1, 5, 88),
(150, 19, 1, 6, 84),
(151, 19, 1, 7, 87),
(152, 19, 1, 8, 71),
(153, 20, 1, 1, 97),
(154, 20, 1, 2, 75),
(155, 20, 1, 3, 93),
(156, 20, 1, 4, 97),
(157, 20, 1, 5, 83),
(158, 20, 1, 6, 77),
(159, 20, 1, 7, 70),
(160, 20, 1, 8, 71),
(161, 21, 1, 1, 67),
(162, 21, 1, 2, 95),
(163, 21, 1, 3, 100),
(164, 21, 1, 4, 80),
(165, 21, 1, 5, 77),
(166, 21, 1, 6, 92),
(167, 21, 1, 7, 82),
(168, 21, 1, 8, 76),
(169, 22, 1, 1, 100),
(170, 22, 1, 2, 82),
(171, 22, 1, 3, 98),
(172, 22, 1, 4, 81),
(173, 22, 1, 5, 89),
(174, 22, 1, 6, 87),
(175, 22, 1, 7, 68),
(176, 22, 1, 8, 69),
(177, 23, 1, 1, 79),
(178, 23, 1, 2, 96),
(179, 23, 1, 3, 100),
(180, 23, 1, 4, 82),
(181, 23, 1, 5, 88),
(182, 23, 1, 6, 69),
(183, 23, 1, 7, 90),
(184, 23, 1, 8, 83),
(185, 24, 1, 1, 75),
(186, 24, 1, 2, 76),
(187, 24, 1, 3, 99),
(188, 24, 1, 4, 83),
(189, 24, 1, 5, 96),
(190, 24, 1, 6, 97),
(191, 24, 1, 7, 91),
(192, 24, 1, 8, 98),
(193, 25, 1, 1, 74),
(194, 25, 1, 2, 79),
(195, 25, 1, 3, 74),
(196, 25, 1, 4, 98),
(197, 25, 1, 5, 80),
(198, 25, 1, 6, 75),
(199, 25, 1, 7, 67),
(200, 25, 1, 8, 81),
(201, 26, 1, 1, 81),
(202, 26, 1, 2, 81),
(203, 26, 1, 3, 87),
(204, 26, 1, 4, 93),
(205, 26, 1, 5, 96),
(206, 26, 1, 6, 96),
(207, 26, 1, 7, 98),
(208, 26, 1, 8, 81),
(209, 27, 1, 1, 81),
(210, 27, 1, 2, 70),
(211, 27, 1, 3, 82),
(212, 27, 1, 4, 85),
(213, 27, 1, 5, 78),
(214, 27, 1, 6, 100),
(215, 27, 1, 7, 75),
(216, 27, 1, 8, 98),
(217, 28, 1, 1, 77),
(218, 28, 1, 2, 88),
(219, 28, 1, 3, 87),
(220, 28, 1, 4, 71),
(221, 28, 1, 5, 81),
(222, 28, 1, 6, 77),
(223, 28, 1, 7, 78),
(224, 28, 1, 8, 78),
(225, 29, 1, 1, 89),
(226, 29, 1, 2, 93),
(227, 29, 1, 3, 81),
(228, 29, 1, 4, 68),
(229, 29, 1, 5, 74),
(230, 29, 1, 6, 69),
(231, 29, 1, 7, 69),
(232, 29, 1, 8, 89),
(233, 30, 1, 1, 87),
(234, 30, 1, 2, 91),
(235, 30, 1, 3, 91),
(236, 30, 1, 4, 75),
(237, 30, 1, 5, 77),
(238, 30, 1, 6, 99),
(239, 30, 1, 7, 92),
(240, 30, 1, 8, 80),
(241, 31, 1, 1, 90),
(242, 31, 1, 2, 72),
(243, 31, 1, 3, 96),
(244, 31, 1, 4, 74),
(245, 31, 1, 5, 93),
(246, 31, 1, 6, 74),
(247, 31, 1, 7, 75),
(248, 31, 1, 8, 82),
(249, 32, 1, 1, 69),
(250, 32, 1, 2, 79),
(251, 32, 1, 3, 91),
(252, 32, 1, 4, 97),
(253, 32, 1, 5, 74),
(254, 32, 1, 6, 86),
(255, 32, 1, 7, 98),
(256, 32, 1, 8, 78),
(257, 33, 1, 1, 77),
(258, 33, 1, 2, 67),
(259, 33, 1, 3, 86),
(260, 33, 1, 4, 93),
(261, 33, 1, 5, 92),
(262, 33, 1, 6, 74),
(263, 33, 1, 7, 86),
(264, 33, 1, 8, 67),
(265, 34, 1, 1, 83),
(266, 34, 1, 2, 78),
(267, 34, 1, 3, 78),
(268, 34, 1, 4, 94),
(269, 34, 1, 5, 99),
(270, 34, 1, 6, 97),
(271, 34, 1, 7, 86),
(272, 34, 1, 8, 98),
(273, 35, 1, 1, 73),
(274, 35, 1, 2, 69),
(275, 35, 1, 3, 76),
(276, 35, 1, 4, 83),
(277, 35, 1, 5, 98),
(278, 35, 1, 6, 94),
(279, 35, 1, 7, 92),
(280, 35, 1, 8, 70),
(281, 1, 2, 1, 86),
(282, 1, 2, 2, 81),
(283, 1, 2, 3, 77),
(284, 1, 2, 4, 92),
(285, 1, 2, 5, 75),
(286, 1, 2, 6, 90),
(287, 1, 2, 7, 82),
(288, 1, 2, 8, 98),
(289, 2, 2, 1, 72),
(290, 2, 2, 2, 70),
(291, 2, 2, 3, 91),
(292, 2, 2, 4, 69),
(293, 2, 2, 5, 67),
(294, 2, 2, 6, 92),
(295, 2, 2, 7, 85),
(296, 2, 2, 8, 81),
(297, 3, 2, 1, 69),
(298, 3, 2, 2, 78),
(299, 3, 2, 3, 80),
(300, 3, 2, 4, 82),
(301, 3, 2, 5, 95),
(302, 3, 2, 6, 90),
(303, 3, 2, 7, 78),
(304, 3, 2, 8, 69),
(305, 4, 2, 1, 98),
(306, 4, 2, 2, 95),
(307, 4, 2, 3, 89),
(308, 4, 2, 4, 78),
(309, 4, 2, 5, 94),
(310, 4, 2, 6, 92),
(311, 4, 2, 7, 90),
(312, 4, 2, 8, 94),
(313, 5, 2, 1, 93),
(314, 5, 2, 2, 94),
(315, 5, 2, 3, 78),
(316, 5, 2, 4, 90),
(317, 5, 2, 5, 83),
(318, 5, 2, 6, 88),
(319, 5, 2, 7, 99),
(320, 5, 2, 8, 71),
(321, 6, 2, 1, 75),
(322, 6, 2, 2, 67),
(323, 6, 2, 3, 95),
(324, 6, 2, 4, 100),
(325, 6, 2, 5, 67),
(326, 6, 2, 6, 87),
(327, 6, 2, 7, 100),
(328, 6, 2, 8, 99),
(329, 7, 2, 1, 80),
(330, 7, 2, 2, 89),
(331, 7, 2, 3, 98),
(332, 7, 2, 4, 73),
(333, 7, 2, 5, 98),
(334, 7, 2, 6, 77),
(335, 7, 2, 7, 70),
(336, 7, 2, 8, 94),
(337, 8, 2, 1, 96),
(338, 8, 2, 2, 81),
(339, 8, 2, 3, 100),
(340, 8, 2, 4, 93),
(341, 8, 2, 5, 80),
(342, 8, 2, 6, 67),
(343, 8, 2, 7, 71),
(344, 8, 2, 8, 88),
(345, 9, 2, 1, 91),
(346, 9, 2, 2, 86),
(347, 9, 2, 3, 96),
(348, 9, 2, 4, 91),
(349, 9, 2, 5, 98),
(350, 9, 2, 6, 82),
(351, 9, 2, 7, 82),
(352, 9, 2, 8, 97),
(353, 10, 2, 1, 85),
(354, 10, 2, 2, 93),
(355, 10, 2, 3, 97),
(356, 10, 2, 4, 83),
(357, 10, 2, 5, 90),
(358, 10, 2, 6, 94),
(359, 10, 2, 7, 97),
(360, 10, 2, 8, 86),
(361, 11, 2, 1, 82),
(362, 11, 2, 2, 77),
(363, 11, 2, 3, 98),
(364, 11, 2, 4, 68),
(365, 11, 2, 5, 75),
(366, 11, 2, 6, 93),
(367, 11, 2, 7, 94),
(368, 11, 2, 8, 71),
(369, 12, 2, 1, 67),
(370, 12, 2, 2, 96),
(371, 12, 2, 3, 77),
(372, 12, 2, 4, 95),
(373, 12, 2, 5, 90),
(374, 12, 2, 6, 89),
(375, 12, 2, 7, 67),
(376, 12, 2, 8, 85),
(377, 13, 2, 1, 79),
(378, 13, 2, 2, 89),
(379, 13, 2, 3, 96),
(380, 13, 2, 4, 96),
(381, 13, 2, 5, 87),
(382, 13, 2, 6, 70),
(383, 13, 2, 7, 97),
(384, 13, 2, 8, 76),
(385, 14, 2, 1, 68),
(386, 14, 2, 2, 80),
(387, 14, 2, 3, 99),
(388, 14, 2, 4, 86),
(389, 14, 2, 5, 70),
(390, 14, 2, 6, 78),
(391, 14, 2, 7, 76),
(392, 14, 2, 8, 76),
(393, 15, 2, 1, 73),
(394, 15, 2, 2, 78),
(395, 15, 2, 3, 80),
(396, 15, 2, 4, 99),
(397, 15, 2, 5, 93),
(398, 15, 2, 6, 70),
(399, 15, 2, 7, 83),
(400, 15, 2, 8, 69),
(401, 16, 2, 1, 80),
(402, 16, 2, 2, 72),
(403, 16, 2, 3, 86),
(404, 16, 2, 4, 83),
(405, 16, 2, 5, 91),
(406, 16, 2, 6, 87),
(407, 16, 2, 7, 80),
(408, 16, 2, 8, 85),
(409, 17, 2, 1, 91),
(410, 17, 2, 2, 69),
(411, 17, 2, 3, 77),
(412, 17, 2, 4, 69),
(413, 17, 2, 5, 84),
(414, 17, 2, 6, 86),
(415, 17, 2, 7, 77),
(416, 17, 2, 8, 75),
(417, 18, 2, 1, 93),
(418, 18, 2, 2, 96),
(419, 18, 2, 3, 99),
(420, 18, 2, 4, 76),
(421, 18, 2, 5, 75),
(422, 18, 2, 6, 74),
(423, 18, 2, 7, 71),
(424, 18, 2, 8, 70),
(425, 19, 2, 1, 90),
(426, 19, 2, 2, 90),
(427, 19, 2, 3, 78),
(428, 19, 2, 4, 100),
(429, 19, 2, 5, 85),
(430, 19, 2, 6, 75),
(431, 19, 2, 7, 71),
(432, 19, 2, 8, 86),
(433, 20, 2, 1, 100),
(434, 20, 2, 2, 76),
(435, 20, 2, 3, 95),
(436, 20, 2, 4, 91),
(437, 20, 2, 5, 82),
(438, 20, 2, 6, 98),
(439, 20, 2, 7, 74),
(440, 20, 2, 8, 89),
(441, 21, 2, 1, 94),
(442, 21, 2, 2, 96),
(443, 21, 2, 3, 75),
(444, 21, 2, 4, 80),
(445, 21, 2, 5, 87),
(446, 21, 2, 6, 97),
(447, 21, 2, 7, 91),
(448, 21, 2, 8, 94),
(449, 22, 2, 1, 92),
(450, 22, 2, 2, 72),
(451, 22, 2, 3, 99),
(452, 22, 2, 4, 85),
(453, 22, 2, 5, 70),
(454, 22, 2, 6, 82),
(455, 22, 2, 7, 82),
(456, 22, 2, 8, 100),
(457, 23, 2, 1, 96),
(458, 23, 2, 2, 79),
(459, 23, 2, 3, 92),
(460, 23, 2, 4, 70),
(461, 23, 2, 5, 84),
(462, 23, 2, 6, 76),
(463, 23, 2, 7, 93),
(464, 23, 2, 8, 90),
(465, 24, 2, 1, 94),
(466, 24, 2, 2, 75),
(467, 24, 2, 3, 68),
(468, 24, 2, 4, 85),
(469, 24, 2, 5, 98),
(470, 24, 2, 6, 86),
(471, 24, 2, 7, 84),
(472, 24, 2, 8, 95),
(473, 25, 2, 1, 88),
(474, 25, 2, 2, 100),
(475, 25, 2, 3, 88),
(476, 25, 2, 4, 94),
(477, 25, 2, 5, 99),
(478, 25, 2, 6, 69),
(479, 25, 2, 7, 69),
(480, 25, 2, 8, 99),
(481, 26, 2, 1, 98),
(482, 26, 2, 2, 77),
(483, 26, 2, 3, 97),
(484, 26, 2, 4, 81),
(485, 26, 2, 5, 89),
(486, 26, 2, 6, 67),
(487, 26, 2, 7, 74),
(488, 26, 2, 8, 100),
(489, 27, 2, 1, 93),
(490, 27, 2, 2, 81),
(491, 27, 2, 3, 88),
(492, 27, 2, 4, 77),
(493, 27, 2, 5, 90),
(494, 27, 2, 6, 70),
(495, 27, 2, 7, 79),
(496, 27, 2, 8, 80),
(497, 28, 2, 1, 95),
(498, 28, 2, 2, 69),
(499, 28, 2, 3, 74),
(500, 28, 2, 4, 99),
(501, 28, 2, 5, 70),
(502, 28, 2, 6, 86),
(503, 28, 2, 7, 77),
(504, 28, 2, 8, 71),
(505, 29, 2, 1, 71),
(506, 29, 2, 2, 82),
(507, 29, 2, 3, 84),
(508, 29, 2, 4, 78),
(509, 29, 2, 5, 83),
(510, 29, 2, 6, 70),
(511, 29, 2, 7, 80),
(512, 29, 2, 8, 91),
(513, 30, 2, 1, 77),
(514, 30, 2, 2, 76),
(515, 30, 2, 3, 94),
(516, 30, 2, 4, 97),
(517, 30, 2, 5, 99),
(518, 30, 2, 6, 99),
(519, 30, 2, 7, 83),
(520, 30, 2, 8, 69),
(521, 31, 2, 1, 81),
(522, 31, 2, 2, 94),
(523, 31, 2, 3, 100),
(524, 31, 2, 4, 87),
(525, 31, 2, 5, 70),
(526, 31, 2, 6, 94),
(527, 31, 2, 7, 98),
(528, 31, 2, 8, 90),
(529, 32, 2, 1, 70),
(530, 32, 2, 2, 91),
(531, 32, 2, 3, 80),
(532, 32, 2, 4, 100),
(533, 32, 2, 5, 67),
(534, 32, 2, 6, 97),
(535, 32, 2, 7, 85),
(536, 32, 2, 8, 84),
(537, 33, 2, 1, 80),
(538, 33, 2, 2, 75),
(539, 33, 2, 3, 95),
(540, 33, 2, 4, 98),
(541, 33, 2, 5, 75),
(542, 33, 2, 6, 99),
(543, 33, 2, 7, 90),
(544, 33, 2, 8, 68),
(545, 34, 2, 1, 98),
(546, 34, 2, 2, 71),
(547, 34, 2, 3, 90),
(548, 34, 2, 4, 99),
(549, 34, 2, 5, 100),
(550, 34, 2, 6, 73),
(551, 34, 2, 7, 74),
(552, 34, 2, 8, 75),
(553, 35, 2, 1, 93),
(554, 35, 2, 2, 85),
(555, 35, 2, 3, 94),
(556, 35, 2, 4, 67),
(557, 35, 2, 5, 91),
(558, 35, 2, 6, 78),
(559, 35, 2, 7, 82),
(560, 35, 2, 8, 86),
(561, 1, 3, 1, 86),
(562, 1, 3, 2, 74),
(563, 1, 3, 3, 84),
(564, 1, 3, 4, 86),
(565, 1, 3, 5, 88),
(566, 1, 3, 6, 87),
(567, 1, 3, 7, 75),
(568, 1, 3, 8, 100),
(569, 2, 3, 1, 78),
(570, 2, 3, 2, 80),
(571, 2, 3, 3, 88),
(572, 2, 3, 4, 88),
(573, 2, 3, 5, 75),
(574, 2, 3, 6, 89),
(575, 2, 3, 7, 99),
(576, 2, 3, 8, 100),
(577, 3, 3, 1, 92),
(578, 3, 3, 2, 94),
(579, 3, 3, 3, 86),
(580, 3, 3, 4, 87),
(581, 3, 3, 5, 90),
(582, 3, 3, 6, 94),
(583, 3, 3, 7, 80),
(584, 3, 3, 8, 84),
(585, 4, 3, 1, 95),
(586, 4, 3, 2, 87),
(587, 4, 3, 3, 70),
(588, 4, 3, 4, 84),
(589, 4, 3, 5, 86),
(590, 4, 3, 6, 91),
(591, 4, 3, 7, 99),
(592, 4, 3, 8, 68),
(593, 5, 3, 1, 75),
(594, 5, 3, 2, 86),
(595, 5, 3, 3, 87),
(596, 5, 3, 4, 93),
(597, 5, 3, 5, 99),
(598, 5, 3, 6, 87),
(599, 5, 3, 7, 81),
(600, 5, 3, 8, 86),
(601, 6, 3, 1, 68),
(602, 6, 3, 2, 97),
(603, 6, 3, 3, 98),
(604, 6, 3, 4, 81),
(605, 6, 3, 5, 82),
(606, 6, 3, 6, 74),
(607, 6, 3, 7, 73),
(608, 6, 3, 8, 84),
(609, 7, 3, 1, 94),
(610, 7, 3, 2, 77),
(611, 7, 3, 3, 80),
(612, 7, 3, 4, 96),
(613, 7, 3, 5, 71),
(614, 7, 3, 6, 92),
(615, 7, 3, 7, 69),
(616, 7, 3, 8, 97),
(617, 8, 3, 1, 88),
(618, 8, 3, 2, 68),
(619, 8, 3, 3, 95),
(620, 8, 3, 4, 70),
(621, 8, 3, 5, 88),
(622, 8, 3, 6, 98),
(623, 8, 3, 7, 81),
(624, 8, 3, 8, 71),
(625, 9, 3, 1, 72),
(626, 9, 3, 2, 93),
(627, 9, 3, 3, 89),
(628, 9, 3, 4, 86),
(629, 9, 3, 5, 67),
(630, 9, 3, 6, 100),
(631, 9, 3, 7, 69),
(632, 9, 3, 8, 74),
(633, 10, 3, 1, 81),
(634, 10, 3, 2, 92),
(635, 10, 3, 3, 89),
(636, 10, 3, 4, 77),
(637, 10, 3, 5, 96),
(638, 10, 3, 6, 88),
(639, 10, 3, 7, 80),
(640, 10, 3, 8, 88),
(641, 11, 3, 1, 69),
(642, 11, 3, 2, 90),
(643, 11, 3, 3, 73),
(644, 11, 3, 4, 90),
(645, 11, 3, 5, 77),
(646, 11, 3, 6, 68),
(647, 11, 3, 7, 73),
(648, 11, 3, 8, 78),
(649, 12, 3, 1, 72),
(650, 12, 3, 2, 93),
(651, 12, 3, 3, 69),
(652, 12, 3, 4, 93),
(653, 12, 3, 5, 98),
(654, 12, 3, 6, 67),
(655, 12, 3, 7, 95),
(656, 12, 3, 8, 94),
(657, 13, 3, 1, 76),
(658, 13, 3, 2, 94),
(659, 13, 3, 3, 90),
(660, 13, 3, 4, 100),
(661, 13, 3, 5, 93),
(662, 13, 3, 6, 90),
(663, 13, 3, 7, 73),
(664, 13, 3, 8, 100),
(665, 14, 3, 1, 85),
(666, 14, 3, 2, 98),
(667, 14, 3, 3, 96),
(668, 14, 3, 4, 76),
(669, 14, 3, 5, 84),
(670, 14, 3, 6, 96),
(671, 14, 3, 7, 85),
(672, 14, 3, 8, 79),
(673, 15, 3, 1, 85),
(674, 15, 3, 2, 97),
(675, 15, 3, 3, 99),
(676, 15, 3, 4, 71),
(677, 15, 3, 5, 73),
(678, 15, 3, 6, 90),
(679, 15, 3, 7, 93),
(680, 15, 3, 8, 97),
(681, 16, 3, 1, 79),
(682, 16, 3, 2, 97),
(683, 16, 3, 3, 93),
(684, 16, 3, 4, 85),
(685, 16, 3, 5, 81),
(686, 16, 3, 6, 98),
(687, 16, 3, 7, 75),
(688, 16, 3, 8, 69),
(689, 17, 3, 1, 88),
(690, 17, 3, 2, 90),
(691, 17, 3, 3, 90),
(692, 17, 3, 4, 99),
(693, 17, 3, 5, 76),
(694, 17, 3, 6, 92),
(695, 17, 3, 7, 93),
(696, 17, 3, 8, 95),
(697, 18, 3, 1, 80),
(698, 18, 3, 2, 82),
(699, 18, 3, 3, 85),
(700, 18, 3, 4, 78),
(701, 18, 3, 5, 79),
(702, 18, 3, 6, 98),
(703, 18, 3, 7, 90),
(704, 18, 3, 8, 90),
(705, 19, 3, 1, 75),
(706, 19, 3, 2, 98),
(707, 19, 3, 3, 89),
(708, 19, 3, 4, 72),
(709, 19, 3, 5, 94),
(710, 19, 3, 6, 89),
(711, 19, 3, 7, 96),
(712, 19, 3, 8, 85),
(713, 20, 3, 1, 78),
(714, 20, 3, 2, 78),
(715, 20, 3, 3, 98),
(716, 20, 3, 4, 80),
(717, 20, 3, 5, 71),
(718, 20, 3, 6, 89),
(719, 20, 3, 7, 88),
(720, 20, 3, 8, 98),
(721, 21, 3, 1, 73),
(722, 21, 3, 2, 80),
(723, 21, 3, 3, 89),
(724, 21, 3, 4, 85),
(725, 21, 3, 5, 83),
(726, 21, 3, 6, 72),
(727, 21, 3, 7, 94),
(728, 21, 3, 8, 93),
(729, 22, 3, 1, 99),
(730, 22, 3, 2, 78),
(731, 22, 3, 3, 90),
(732, 22, 3, 4, 84),
(733, 22, 3, 5, 82),
(734, 22, 3, 6, 96),
(735, 22, 3, 7, 94),
(736, 22, 3, 8, 86),
(737, 23, 3, 1, 73),
(738, 23, 3, 2, 95),
(739, 23, 3, 3, 79),
(740, 23, 3, 4, 94),
(741, 23, 3, 5, 71),
(742, 23, 3, 6, 100),
(743, 23, 3, 7, 80),
(744, 23, 3, 8, 76),
(745, 24, 3, 1, 100),
(746, 24, 3, 2, 71),
(747, 24, 3, 3, 86),
(748, 24, 3, 4, 79),
(749, 24, 3, 5, 69),
(750, 24, 3, 6, 76),
(751, 24, 3, 7, 99),
(752, 24, 3, 8, 80),
(753, 25, 3, 1, 100),
(754, 25, 3, 2, 99),
(755, 25, 3, 3, 87),
(756, 25, 3, 4, 90),
(757, 25, 3, 5, 81),
(758, 25, 3, 6, 97),
(759, 25, 3, 7, 78),
(760, 25, 3, 8, 94),
(761, 26, 3, 1, 74),
(762, 26, 3, 2, 85),
(763, 26, 3, 3, 77),
(764, 26, 3, 4, 92),
(765, 26, 3, 5, 92),
(766, 26, 3, 6, 88),
(767, 26, 3, 7, 96),
(768, 26, 3, 8, 69),
(769, 27, 3, 1, 77),
(770, 27, 3, 2, 86),
(771, 27, 3, 3, 68),
(772, 27, 3, 4, 67),
(773, 27, 3, 5, 72),
(774, 27, 3, 6, 89),
(775, 27, 3, 7, 80),
(776, 27, 3, 8, 71),
(777, 28, 3, 1, 79),
(778, 28, 3, 2, 76),
(779, 28, 3, 3, 89),
(780, 28, 3, 4, 81),
(781, 28, 3, 5, 75),
(782, 28, 3, 6, 91),
(783, 28, 3, 7, 76),
(784, 28, 3, 8, 81),
(785, 29, 3, 1, 100),
(786, 29, 3, 2, 79),
(787, 29, 3, 3, 83),
(788, 29, 3, 4, 82),
(789, 29, 3, 5, 69),
(790, 29, 3, 6, 100),
(791, 29, 3, 7, 78),
(792, 29, 3, 8, 99),
(793, 30, 3, 1, 74),
(794, 30, 3, 2, 70),
(795, 30, 3, 3, 80),
(796, 30, 3, 4, 70),
(797, 30, 3, 5, 76),
(798, 30, 3, 6, 75),
(799, 30, 3, 7, 98),
(800, 30, 3, 8, 72),
(801, 31, 3, 1, 90),
(802, 31, 3, 2, 72),
(803, 31, 3, 3, 90),
(804, 31, 3, 4, 95),
(805, 31, 3, 5, 98),
(806, 31, 3, 6, 89),
(807, 31, 3, 7, 96),
(808, 31, 3, 8, 68),
(809, 32, 3, 1, 83),
(810, 32, 3, 2, 92),
(811, 32, 3, 3, 74),
(812, 32, 3, 4, 86),
(813, 32, 3, 5, 87),
(814, 32, 3, 6, 100),
(815, 32, 3, 7, 85),
(816, 32, 3, 8, 69),
(817, 33, 3, 1, 73),
(818, 33, 3, 2, 88),
(819, 33, 3, 3, 79),
(820, 33, 3, 4, 95),
(821, 33, 3, 5, 82),
(822, 33, 3, 6, 81),
(823, 33, 3, 7, 93),
(824, 33, 3, 8, 73),
(825, 34, 3, 1, 98),
(826, 34, 3, 2, 100),
(827, 34, 3, 3, 98),
(828, 34, 3, 4, 85),
(829, 34, 3, 5, 67),
(830, 34, 3, 6, 90),
(831, 34, 3, 7, 98),
(832, 34, 3, 8, 96),
(833, 35, 3, 1, 75),
(834, 35, 3, 2, 86),
(835, 35, 3, 3, 76),
(836, 35, 3, 4, 74),
(837, 35, 3, 5, 80),
(838, 35, 3, 6, 67),
(839, 35, 3, 7, 94),
(840, 35, 3, 8, 69),
(841, 1, 4, 1, 77),
(842, 1, 4, 2, 86),
(843, 1, 4, 3, 76),
(844, 1, 4, 4, 94),
(845, 1, 4, 5, 74),
(846, 1, 4, 6, 71),
(847, 1, 4, 7, 94),
(848, 1, 4, 8, 77),
(849, 2, 4, 1, 88),
(850, 2, 4, 2, 91),
(851, 2, 4, 3, 74),
(852, 2, 4, 4, 93),
(853, 2, 4, 5, 85),
(854, 2, 4, 6, 74),
(855, 2, 4, 7, 91),
(856, 2, 4, 8, 84),
(857, 3, 4, 1, 79),
(858, 3, 4, 2, 75),
(859, 3, 4, 3, 99),
(860, 3, 4, 4, 70),
(861, 3, 4, 5, 99),
(862, 3, 4, 6, 67),
(863, 3, 4, 7, 98),
(864, 3, 4, 8, 71),
(865, 4, 4, 1, 69),
(866, 4, 4, 2, 95),
(867, 4, 4, 3, 96),
(868, 4, 4, 4, 74),
(869, 4, 4, 5, 87),
(870, 4, 4, 6, 91),
(871, 4, 4, 7, 74),
(872, 4, 4, 8, 73),
(873, 5, 4, 1, 95),
(874, 5, 4, 2, 92),
(875, 5, 4, 3, 93),
(876, 5, 4, 4, 72),
(877, 5, 4, 5, 67),
(878, 5, 4, 6, 70),
(879, 5, 4, 7, 67),
(880, 5, 4, 8, 71),
(881, 6, 4, 1, 76),
(882, 6, 4, 2, 89),
(883, 6, 4, 3, 67),
(884, 6, 4, 4, 78),
(885, 6, 4, 5, 78),
(886, 6, 4, 6, 78),
(887, 6, 4, 7, 70),
(888, 6, 4, 8, 98),
(889, 7, 4, 1, 84),
(890, 7, 4, 2, 95),
(891, 7, 4, 3, 82),
(892, 7, 4, 4, 91),
(893, 7, 4, 5, 71),
(894, 7, 4, 6, 71),
(895, 7, 4, 7, 96),
(896, 7, 4, 8, 67),
(897, 8, 4, 1, 69),
(898, 8, 4, 2, 99),
(899, 8, 4, 3, 80),
(900, 8, 4, 4, 94),
(901, 8, 4, 5, 84),
(902, 8, 4, 6, 93),
(903, 8, 4, 7, 70),
(904, 8, 4, 8, 80),
(905, 9, 4, 1, 70),
(906, 9, 4, 2, 75),
(907, 9, 4, 3, 92),
(908, 9, 4, 4, 86),
(909, 9, 4, 5, 68),
(910, 9, 4, 6, 97),
(911, 9, 4, 7, 73),
(912, 9, 4, 8, 85),
(913, 10, 4, 1, 72),
(914, 10, 4, 2, 82),
(915, 10, 4, 3, 94),
(916, 10, 4, 4, 82),
(917, 10, 4, 5, 96),
(918, 10, 4, 6, 93),
(919, 10, 4, 7, 100),
(920, 10, 4, 8, 81),
(921, 11, 4, 1, 79),
(922, 11, 4, 2, 93),
(923, 11, 4, 3, 80),
(924, 11, 4, 4, 82),
(925, 11, 4, 5, 85),
(926, 11, 4, 6, 71),
(927, 11, 4, 7, 93),
(928, 11, 4, 8, 83),
(929, 12, 4, 1, 77),
(930, 12, 4, 2, 98),
(931, 12, 4, 3, 98),
(932, 12, 4, 4, 67),
(933, 12, 4, 5, 71),
(934, 12, 4, 6, 72),
(935, 12, 4, 7, 82),
(936, 12, 4, 8, 91),
(937, 13, 4, 1, 69),
(938, 13, 4, 2, 70),
(939, 13, 4, 3, 73),
(940, 13, 4, 4, 70),
(941, 13, 4, 5, 77),
(942, 13, 4, 6, 86),
(943, 13, 4, 7, 79),
(944, 13, 4, 8, 86),
(945, 14, 4, 1, 75),
(946, 14, 4, 2, 69),
(947, 14, 4, 3, 85),
(948, 14, 4, 4, 73),
(949, 14, 4, 5, 70),
(950, 14, 4, 6, 87),
(951, 14, 4, 7, 77),
(952, 14, 4, 8, 67),
(953, 15, 4, 1, 99),
(954, 15, 4, 2, 68),
(955, 15, 4, 3, 95),
(956, 15, 4, 4, 76),
(957, 15, 4, 5, 71),
(958, 15, 4, 6, 99),
(959, 15, 4, 7, 89),
(960, 15, 4, 8, 85),
(961, 16, 4, 1, 93),
(962, 16, 4, 2, 91),
(963, 16, 4, 3, 80),
(964, 16, 4, 4, 93),
(965, 16, 4, 5, 83),
(966, 16, 4, 6, 97),
(967, 16, 4, 7, 76),
(968, 16, 4, 8, 70),
(969, 17, 4, 1, 93),
(970, 17, 4, 2, 77),
(971, 17, 4, 3, 70),
(972, 17, 4, 4, 91),
(973, 17, 4, 5, 93),
(974, 17, 4, 6, 69),
(975, 17, 4, 7, 83),
(976, 17, 4, 8, 72),
(977, 18, 4, 1, 86),
(978, 18, 4, 2, 85),
(979, 18, 4, 3, 75),
(980, 18, 4, 4, 84),
(981, 18, 4, 5, 69),
(982, 18, 4, 6, 92),
(983, 18, 4, 7, 70),
(984, 18, 4, 8, 91),
(985, 19, 4, 1, 76),
(986, 19, 4, 2, 89),
(987, 19, 4, 3, 91),
(988, 19, 4, 4, 73),
(989, 19, 4, 5, 99),
(990, 19, 4, 6, 88),
(991, 19, 4, 7, 84),
(992, 19, 4, 8, 73),
(993, 20, 4, 1, 82),
(994, 20, 4, 2, 79),
(995, 20, 4, 3, 96),
(996, 20, 4, 4, 72),
(997, 20, 4, 5, 86),
(998, 20, 4, 6, 99),
(999, 20, 4, 7, 86),
(1000, 20, 4, 8, 87),
(1001, 21, 4, 1, 73),
(1002, 21, 4, 2, 95),
(1003, 21, 4, 3, 83),
(1004, 21, 4, 4, 81),
(1005, 21, 4, 5, 82),
(1006, 21, 4, 6, 81),
(1007, 21, 4, 7, 86),
(1008, 21, 4, 8, 79),
(1009, 22, 4, 1, 70),
(1010, 22, 4, 2, 96),
(1011, 22, 4, 3, 99),
(1012, 22, 4, 4, 82),
(1013, 22, 4, 5, 92),
(1014, 22, 4, 6, 75),
(1015, 22, 4, 7, 80),
(1016, 22, 4, 8, 84),
(1017, 23, 4, 1, 76),
(1018, 23, 4, 2, 88),
(1019, 23, 4, 3, 70),
(1020, 23, 4, 4, 73),
(1021, 23, 4, 5, 67),
(1022, 23, 4, 6, 72),
(1023, 23, 4, 7, 79),
(1024, 23, 4, 8, 82),
(1025, 24, 4, 1, 78),
(1026, 24, 4, 2, 95),
(1027, 24, 4, 3, 76),
(1028, 24, 4, 4, 71),
(1029, 24, 4, 5, 79),
(1030, 24, 4, 6, 79),
(1031, 24, 4, 7, 77),
(1032, 24, 4, 8, 73),
(1033, 25, 4, 1, 78),
(1034, 25, 4, 2, 92),
(1035, 25, 4, 3, 78),
(1036, 25, 4, 4, 74),
(1037, 25, 4, 5, 79),
(1038, 25, 4, 6, 87),
(1039, 25, 4, 7, 88),
(1040, 25, 4, 8, 72),
(1041, 26, 4, 1, 96),
(1042, 26, 4, 2, 68),
(1043, 26, 4, 3, 87),
(1044, 26, 4, 4, 99),
(1045, 26, 4, 5, 72),
(1046, 26, 4, 6, 69),
(1047, 26, 4, 7, 71),
(1048, 26, 4, 8, 80),
(1049, 27, 4, 1, 68),
(1050, 27, 4, 2, 98),
(1051, 27, 4, 3, 98),
(1052, 27, 4, 4, 77),
(1053, 27, 4, 5, 76),
(1054, 27, 4, 6, 84),
(1055, 27, 4, 7, 72),
(1056, 27, 4, 8, 77),
(1057, 28, 4, 1, 82),
(1058, 28, 4, 2, 72),
(1059, 28, 4, 3, 89),
(1060, 28, 4, 4, 90),
(1061, 28, 4, 5, 96),
(1062, 28, 4, 6, 71),
(1063, 28, 4, 7, 85),
(1064, 28, 4, 8, 96),
(1065, 29, 4, 1, 73),
(1066, 29, 4, 2, 99),
(1067, 29, 4, 3, 88),
(1068, 29, 4, 4, 71),
(1069, 29, 4, 5, 84),
(1070, 29, 4, 6, 88),
(1071, 29, 4, 7, 89),
(1072, 29, 4, 8, 86),
(1073, 30, 4, 1, 95),
(1074, 30, 4, 2, 68),
(1075, 30, 4, 3, 74),
(1076, 30, 4, 4, 69),
(1077, 30, 4, 5, 76),
(1078, 30, 4, 6, 76),
(1079, 30, 4, 7, 78),
(1080, 30, 4, 8, 79),
(1081, 31, 4, 1, 83),
(1082, 31, 4, 2, 86),
(1083, 31, 4, 3, 74),
(1084, 31, 4, 4, 83),
(1085, 31, 4, 5, 93),
(1086, 31, 4, 6, 91),
(1087, 31, 4, 7, 98),
(1088, 31, 4, 8, 91),
(1089, 32, 4, 1, 93),
(1090, 32, 4, 2, 78),
(1091, 32, 4, 3, 67),
(1092, 32, 4, 4, 95),
(1093, 32, 4, 5, 70),
(1094, 32, 4, 6, 75),
(1095, 32, 4, 7, 75),
(1096, 32, 4, 8, 88),
(1097, 33, 4, 1, 92),
(1098, 33, 4, 2, 85),
(1099, 33, 4, 3, 81),
(1100, 33, 4, 4, 71),
(1101, 33, 4, 5, 95),
(1102, 33, 4, 6, 84),
(1103, 33, 4, 7, 89),
(1104, 33, 4, 8, 85),
(1105, 34, 4, 1, 67),
(1106, 34, 4, 2, 96),
(1107, 34, 4, 3, 94),
(1108, 34, 4, 4, 93),
(1109, 34, 4, 5, 70),
(1110, 34, 4, 6, 94),
(1111, 34, 4, 7, 67),
(1112, 34, 4, 8, 81),
(1113, 35, 4, 1, 90),
(1114, 35, 4, 2, 86),
(1115, 35, 4, 3, 67),
(1116, 35, 4, 4, 93),
(1117, 35, 4, 5, 83),
(1118, 35, 4, 6, 93),
(1119, 35, 4, 7, 88),
(1120, 35, 4, 8, 92),
(1121, 1, 5, 1, 77),
(1122, 1, 5, 2, 79),
(1123, 1, 5, 3, 78),
(1124, 1, 5, 4, 87),
(1125, 1, 5, 5, 68),
(1126, 1, 5, 6, 90),
(1127, 1, 5, 7, 80),
(1128, 1, 5, 8, 84),
(1129, 2, 5, 1, 68),
(1130, 2, 5, 2, 82),
(1131, 2, 5, 3, 90),
(1132, 2, 5, 4, 74),
(1133, 2, 5, 5, 80),
(1134, 2, 5, 6, 75),
(1135, 2, 5, 7, 88),
(1136, 2, 5, 8, 71),
(1137, 3, 5, 1, 81),
(1138, 3, 5, 2, 86),
(1139, 3, 5, 3, 79),
(1140, 3, 5, 4, 69),
(1141, 3, 5, 5, 89),
(1142, 3, 5, 6, 89),
(1143, 3, 5, 7, 72),
(1144, 3, 5, 8, 87),
(1145, 4, 5, 1, 86),
(1146, 4, 5, 2, 98),
(1147, 4, 5, 3, 75),
(1148, 4, 5, 4, 72),
(1149, 4, 5, 5, 80),
(1150, 4, 5, 6, 89),
(1151, 4, 5, 7, 78),
(1152, 4, 5, 8, 80),
(1153, 5, 5, 1, 70),
(1154, 5, 5, 2, 74),
(1155, 5, 5, 3, 88),
(1156, 5, 5, 4, 99),
(1157, 5, 5, 5, 91),
(1158, 5, 5, 6, 83),
(1159, 5, 5, 7, 68),
(1160, 5, 5, 8, 82),
(1161, 6, 5, 1, 68),
(1162, 6, 5, 2, 91),
(1163, 6, 5, 3, 81),
(1164, 6, 5, 4, 80),
(1165, 6, 5, 5, 73),
(1166, 6, 5, 6, 94),
(1167, 6, 5, 7, 85),
(1168, 6, 5, 8, 77),
(1169, 7, 5, 1, 68),
(1170, 7, 5, 2, 70),
(1171, 7, 5, 3, 97),
(1172, 7, 5, 4, 99),
(1173, 7, 5, 5, 98),
(1174, 7, 5, 6, 96),
(1175, 7, 5, 7, 93),
(1176, 7, 5, 8, 96),
(1177, 8, 5, 1, 73),
(1178, 8, 5, 2, 87),
(1179, 8, 5, 3, 99),
(1180, 8, 5, 4, 88),
(1181, 8, 5, 5, 85),
(1182, 8, 5, 6, 80),
(1183, 8, 5, 7, 67),
(1184, 8, 5, 8, 87),
(1185, 9, 5, 1, 69),
(1186, 9, 5, 2, 98),
(1187, 9, 5, 3, 97),
(1188, 9, 5, 4, 96),
(1189, 9, 5, 5, 70),
(1190, 9, 5, 6, 88),
(1191, 9, 5, 7, 71),
(1192, 9, 5, 8, 84),
(1193, 10, 5, 1, 93),
(1194, 10, 5, 2, 78),
(1195, 10, 5, 3, 87),
(1196, 10, 5, 4, 89),
(1197, 10, 5, 5, 73),
(1198, 10, 5, 6, 74),
(1199, 10, 5, 7, 82),
(1200, 10, 5, 8, 69),
(1201, 11, 5, 1, 97),
(1202, 11, 5, 2, 83),
(1203, 11, 5, 3, 80),
(1204, 11, 5, 4, 82),
(1205, 11, 5, 5, 98),
(1206, 11, 5, 6, 81),
(1207, 11, 5, 7, 96),
(1208, 11, 5, 8, 74),
(1209, 12, 5, 1, 85),
(1210, 12, 5, 2, 88),
(1211, 12, 5, 3, 71),
(1212, 12, 5, 4, 74),
(1213, 12, 5, 5, 97),
(1214, 12, 5, 6, 100),
(1215, 12, 5, 7, 89),
(1216, 12, 5, 8, 81),
(1217, 13, 5, 1, 76),
(1218, 13, 5, 2, 83),
(1219, 13, 5, 3, 71),
(1220, 13, 5, 4, 81),
(1221, 13, 5, 5, 73),
(1222, 13, 5, 6, 70),
(1223, 13, 5, 7, 90),
(1224, 13, 5, 8, 89),
(1225, 14, 5, 1, 74),
(1226, 14, 5, 2, 76),
(1227, 14, 5, 3, 76),
(1228, 14, 5, 4, 67),
(1229, 14, 5, 5, 81),
(1230, 14, 5, 6, 83),
(1231, 14, 5, 7, 78),
(1232, 14, 5, 8, 81),
(1233, 15, 5, 1, 99),
(1234, 15, 5, 2, 91),
(1235, 15, 5, 3, 96),
(1236, 15, 5, 4, 84),
(1237, 15, 5, 5, 88),
(1238, 15, 5, 6, 78),
(1239, 15, 5, 7, 80),
(1240, 15, 5, 8, 89),
(1241, 16, 5, 1, 87),
(1242, 16, 5, 2, 67),
(1243, 16, 5, 3, 93),
(1244, 16, 5, 4, 96),
(1245, 16, 5, 5, 83),
(1246, 16, 5, 6, 81),
(1247, 16, 5, 7, 75),
(1248, 16, 5, 8, 95),
(1249, 17, 5, 1, 90),
(1250, 17, 5, 2, 97),
(1251, 17, 5, 3, 78),
(1252, 17, 5, 4, 85),
(1253, 17, 5, 5, 67),
(1254, 17, 5, 6, 98),
(1255, 17, 5, 7, 91),
(1256, 17, 5, 8, 97),
(1257, 18, 5, 1, 80),
(1258, 18, 5, 2, 86),
(1259, 18, 5, 3, 80),
(1260, 18, 5, 4, 83),
(1261, 18, 5, 5, 96),
(1262, 18, 5, 6, 86),
(1263, 18, 5, 7, 72),
(1264, 18, 5, 8, 79),
(1265, 19, 5, 1, 75),
(1266, 19, 5, 2, 93),
(1267, 19, 5, 3, 77),
(1268, 19, 5, 4, 73),
(1269, 19, 5, 5, 69),
(1270, 19, 5, 6, 86),
(1271, 19, 5, 7, 81),
(1272, 19, 5, 8, 73),
(1273, 20, 5, 1, 79),
(1274, 20, 5, 2, 91),
(1275, 20, 5, 3, 97),
(1276, 20, 5, 4, 88),
(1277, 20, 5, 5, 76),
(1278, 20, 5, 6, 90),
(1279, 20, 5, 7, 95),
(1280, 20, 5, 8, 95),
(1281, 21, 5, 1, 78),
(1282, 21, 5, 2, 71),
(1283, 21, 5, 3, 84),
(1284, 21, 5, 4, 75),
(1285, 21, 5, 5, 86),
(1286, 21, 5, 6, 70),
(1287, 21, 5, 7, 75),
(1288, 21, 5, 8, 75),
(1289, 22, 5, 1, 76),
(1290, 22, 5, 2, 73),
(1291, 22, 5, 3, 100),
(1292, 22, 5, 4, 68),
(1293, 22, 5, 5, 84),
(1294, 22, 5, 6, 84),
(1295, 22, 5, 7, 100),
(1296, 22, 5, 8, 98),
(1297, 23, 5, 1, 92),
(1298, 23, 5, 2, 90),
(1299, 23, 5, 3, 90),
(1300, 23, 5, 4, 82),
(1301, 23, 5, 5, 74),
(1302, 23, 5, 6, 73),
(1303, 23, 5, 7, 98),
(1304, 23, 5, 8, 94),
(1305, 24, 5, 1, 96),
(1306, 24, 5, 2, 93),
(1307, 24, 5, 3, 83),
(1308, 24, 5, 4, 83),
(1309, 24, 5, 5, 77),
(1310, 24, 5, 6, 94),
(1311, 24, 5, 7, 79),
(1312, 24, 5, 8, 81),
(1313, 25, 5, 1, 74),
(1314, 25, 5, 2, 73),
(1315, 25, 5, 3, 88),
(1316, 25, 5, 4, 86),
(1317, 25, 5, 5, 94),
(1318, 25, 5, 6, 87),
(1319, 25, 5, 7, 74),
(1320, 25, 5, 8, 89),
(1321, 26, 5, 1, 96),
(1322, 26, 5, 2, 73),
(1323, 26, 5, 3, 69),
(1324, 26, 5, 4, 90),
(1325, 26, 5, 5, 80),
(1326, 26, 5, 6, 77),
(1327, 26, 5, 7, 93),
(1328, 26, 5, 8, 69),
(1329, 27, 5, 1, 82),
(1330, 27, 5, 2, 81),
(1331, 27, 5, 3, 69),
(1332, 27, 5, 4, 77),
(1333, 27, 5, 5, 70),
(1334, 27, 5, 6, 70),
(1335, 27, 5, 7, 96),
(1336, 27, 5, 8, 85),
(1337, 28, 5, 1, 69),
(1338, 28, 5, 2, 73),
(1339, 28, 5, 3, 84),
(1340, 28, 5, 4, 81),
(1341, 28, 5, 5, 85),
(1342, 28, 5, 6, 92),
(1343, 28, 5, 7, 97),
(1344, 28, 5, 8, 87),
(1345, 29, 5, 1, 76),
(1346, 29, 5, 2, 71),
(1347, 29, 5, 3, 92),
(1348, 29, 5, 4, 83),
(1349, 29, 5, 5, 94),
(1350, 29, 5, 6, 82),
(1351, 29, 5, 7, 89),
(1352, 29, 5, 8, 73),
(1353, 30, 5, 1, 73),
(1354, 30, 5, 2, 84),
(1355, 30, 5, 3, 87),
(1356, 30, 5, 4, 81),
(1357, 30, 5, 5, 83),
(1358, 30, 5, 6, 98),
(1359, 30, 5, 7, 84),
(1360, 30, 5, 8, 94),
(1361, 31, 5, 1, 80),
(1362, 31, 5, 2, 68),
(1363, 31, 5, 3, 81),
(1364, 31, 5, 4, 93),
(1365, 31, 5, 5, 90),
(1366, 31, 5, 6, 80),
(1367, 31, 5, 7, 77),
(1368, 31, 5, 8, 79),
(1369, 32, 5, 1, 67),
(1370, 32, 5, 2, 98),
(1371, 32, 5, 3, 68),
(1372, 32, 5, 4, 82),
(1373, 32, 5, 5, 100),
(1374, 32, 5, 6, 85),
(1375, 32, 5, 7, 79),
(1376, 32, 5, 8, 80),
(1377, 33, 5, 1, 86),
(1378, 33, 5, 2, 97),
(1379, 33, 5, 3, 95),
(1380, 33, 5, 4, 100),
(1381, 33, 5, 5, 83),
(1382, 33, 5, 6, 89),
(1383, 33, 5, 7, 86),
(1384, 33, 5, 8, 94),
(1385, 34, 5, 1, 75),
(1386, 34, 5, 2, 72),
(1387, 34, 5, 3, 87),
(1388, 34, 5, 4, 76),
(1389, 34, 5, 5, 94),
(1390, 34, 5, 6, 80),
(1391, 34, 5, 7, 74),
(1392, 34, 5, 8, 71),
(1393, 35, 5, 1, 86),
(1394, 35, 5, 2, 83),
(1395, 35, 5, 3, 91),
(1396, 35, 5, 4, 94),
(1397, 35, 5, 5, 100),
(1398, 35, 5, 6, 67),
(1399, 35, 5, 7, 73),
(1400, 35, 5, 8, 76),
(1401, 1, 6, 1, 89),
(1402, 1, 6, 2, 67),
(1403, 1, 6, 3, 68),
(1404, 1, 6, 4, 87),
(1405, 1, 6, 5, 89),
(1406, 1, 6, 6, 73),
(1407, 1, 6, 7, 95),
(1408, 1, 6, 8, 92),
(1409, 2, 6, 1, 70),
(1410, 2, 6, 2, 84),
(1411, 2, 6, 3, 96),
(1412, 2, 6, 4, 69),
(1413, 2, 6, 5, 97),
(1414, 2, 6, 6, 73),
(1415, 2, 6, 7, 99),
(1416, 2, 6, 8, 84),
(1417, 3, 6, 1, 100),
(1418, 3, 6, 2, 73),
(1419, 3, 6, 3, 69),
(1420, 3, 6, 4, 73),
(1421, 3, 6, 5, 78),
(1422, 3, 6, 6, 91),
(1423, 3, 6, 7, 98),
(1424, 3, 6, 8, 68),
(1425, 4, 6, 1, 99),
(1426, 4, 6, 2, 92),
(1427, 4, 6, 3, 67),
(1428, 4, 6, 4, 82),
(1429, 4, 6, 5, 67),
(1430, 4, 6, 6, 100),
(1431, 4, 6, 7, 86),
(1432, 4, 6, 8, 76),
(1433, 5, 6, 1, 67),
(1434, 5, 6, 2, 82),
(1435, 5, 6, 3, 83),
(1436, 5, 6, 4, 94),
(1437, 5, 6, 5, 85),
(1438, 5, 6, 6, 90),
(1439, 5, 6, 7, 75),
(1440, 5, 6, 8, 91),
(1441, 6, 6, 1, 95),
(1442, 6, 6, 2, 99),
(1443, 6, 6, 3, 97),
(1444, 6, 6, 4, 92),
(1445, 6, 6, 5, 68),
(1446, 6, 6, 6, 69),
(1447, 6, 6, 7, 94),
(1448, 6, 6, 8, 78),
(1449, 7, 6, 1, 83),
(1450, 7, 6, 2, 85),
(1451, 7, 6, 3, 67),
(1452, 7, 6, 4, 74),
(1453, 7, 6, 5, 69),
(1454, 7, 6, 6, 96),
(1455, 7, 6, 7, 86),
(1456, 7, 6, 8, 86),
(1457, 8, 6, 1, 85),
(1458, 8, 6, 2, 97),
(1459, 8, 6, 3, 75),
(1460, 8, 6, 4, 90),
(1461, 8, 6, 5, 92),
(1462, 8, 6, 6, 76),
(1463, 8, 6, 7, 80),
(1464, 8, 6, 8, 80),
(1465, 9, 6, 1, 70),
(1466, 9, 6, 2, 74),
(1467, 9, 6, 3, 81),
(1468, 9, 6, 4, 71),
(1469, 9, 6, 5, 89),
(1470, 9, 6, 6, 67),
(1471, 9, 6, 7, 88),
(1472, 9, 6, 8, 76),
(1473, 10, 6, 1, 93),
(1474, 10, 6, 2, 76),
(1475, 10, 6, 3, 96),
(1476, 10, 6, 4, 68),
(1477, 10, 6, 5, 97),
(1478, 10, 6, 6, 77),
(1479, 10, 6, 7, 70),
(1480, 10, 6, 8, 74),
(1481, 11, 6, 1, 89),
(1482, 11, 6, 2, 75),
(1483, 11, 6, 3, 81),
(1484, 11, 6, 4, 78),
(1485, 11, 6, 5, 68),
(1486, 11, 6, 6, 96),
(1487, 11, 6, 7, 73),
(1488, 11, 6, 8, 89),
(1489, 12, 6, 1, 78),
(1490, 12, 6, 2, 96),
(1491, 12, 6, 3, 83),
(1492, 12, 6, 4, 84),
(1493, 12, 6, 5, 74),
(1494, 12, 6, 6, 98),
(1495, 12, 6, 7, 90),
(1496, 12, 6, 8, 86),
(1497, 13, 6, 1, 98),
(1498, 13, 6, 2, 78),
(1499, 13, 6, 3, 94),
(1500, 13, 6, 4, 85),
(1501, 13, 6, 5, 100),
(1502, 13, 6, 6, 73),
(1503, 13, 6, 7, 100),
(1504, 13, 6, 8, 82),
(1505, 14, 6, 1, 99),
(1506, 14, 6, 2, 80),
(1507, 14, 6, 3, 94),
(1508, 14, 6, 4, 97),
(1509, 14, 6, 5, 82),
(1510, 14, 6, 6, 97),
(1511, 14, 6, 7, 97),
(1512, 14, 6, 8, 74),
(1513, 15, 6, 1, 87),
(1514, 15, 6, 2, 76),
(1515, 15, 6, 3, 77),
(1516, 15, 6, 4, 85),
(1517, 15, 6, 5, 75),
(1518, 15, 6, 6, 91),
(1519, 15, 6, 7, 93),
(1520, 15, 6, 8, 79),
(1521, 16, 6, 1, 80),
(1522, 16, 6, 2, 89),
(1523, 16, 6, 3, 89),
(1524, 16, 6, 4, 99),
(1525, 16, 6, 5, 80),
(1526, 16, 6, 6, 98),
(1527, 16, 6, 7, 83),
(1528, 16, 6, 8, 96),
(1529, 17, 6, 1, 82),
(1530, 17, 6, 2, 94),
(1531, 17, 6, 3, 90),
(1532, 17, 6, 4, 69),
(1533, 17, 6, 5, 85),
(1534, 17, 6, 6, 74),
(1535, 17, 6, 7, 77),
(1536, 17, 6, 8, 73),
(1537, 18, 6, 1, 79),
(1538, 18, 6, 2, 80),
(1539, 18, 6, 3, 92),
(1540, 18, 6, 4, 79),
(1541, 18, 6, 5, 92),
(1542, 18, 6, 6, 94),
(1543, 18, 6, 7, 72),
(1544, 18, 6, 8, 77),
(1545, 19, 6, 1, 74),
(1546, 19, 6, 2, 89),
(1547, 19, 6, 3, 89),
(1548, 19, 6, 4, 95),
(1549, 19, 6, 5, 89),
(1550, 19, 6, 6, 81),
(1551, 19, 6, 7, 78),
(1552, 19, 6, 8, 89),
(1553, 20, 6, 1, 88),
(1554, 20, 6, 2, 78),
(1555, 20, 6, 3, 94),
(1556, 20, 6, 4, 99),
(1557, 20, 6, 5, 77),
(1558, 20, 6, 6, 76),
(1559, 20, 6, 7, 91),
(1560, 20, 6, 8, 75),
(1561, 21, 6, 1, 90),
(1562, 21, 6, 2, 87),
(1563, 21, 6, 3, 67),
(1564, 21, 6, 4, 89),
(1565, 21, 6, 5, 77),
(1566, 21, 6, 6, 69),
(1567, 21, 6, 7, 87),
(1568, 21, 6, 8, 85),
(1569, 22, 6, 1, 99),
(1570, 22, 6, 2, 74),
(1571, 22, 6, 3, 88),
(1572, 22, 6, 4, 81),
(1573, 22, 6, 5, 93),
(1574, 22, 6, 6, 69),
(1575, 22, 6, 7, 96),
(1576, 22, 6, 8, 83),
(1577, 23, 6, 1, 86),
(1578, 23, 6, 2, 80),
(1579, 23, 6, 3, 83),
(1580, 23, 6, 4, 75),
(1581, 23, 6, 5, 76),
(1582, 23, 6, 6, 99),
(1583, 23, 6, 7, 96),
(1584, 23, 6, 8, 85),
(1585, 24, 6, 1, 70),
(1586, 24, 6, 2, 95),
(1587, 24, 6, 3, 98),
(1588, 24, 6, 4, 86),
(1589, 24, 6, 5, 98),
(1590, 24, 6, 6, 99),
(1591, 24, 6, 7, 81),
(1592, 24, 6, 8, 91),
(1593, 25, 6, 1, 89),
(1594, 25, 6, 2, 93),
(1595, 25, 6, 3, 94),
(1596, 25, 6, 4, 79),
(1597, 25, 6, 5, 77),
(1598, 25, 6, 6, 93),
(1599, 25, 6, 7, 96),
(1600, 25, 6, 8, 83),
(1601, 26, 6, 1, 94),
(1602, 26, 6, 2, 97),
(1603, 26, 6, 3, 83),
(1604, 26, 6, 4, 70),
(1605, 26, 6, 5, 83),
(1606, 26, 6, 6, 89),
(1607, 26, 6, 7, 69),
(1608, 26, 6, 8, 92),
(1609, 27, 6, 1, 89),
(1610, 27, 6, 2, 83),
(1611, 27, 6, 3, 93),
(1612, 27, 6, 4, 92),
(1613, 27, 6, 5, 71),
(1614, 27, 6, 6, 78),
(1615, 27, 6, 7, 79),
(1616, 27, 6, 8, 68),
(1617, 28, 6, 1, 94),
(1618, 28, 6, 2, 73),
(1619, 28, 6, 3, 67),
(1620, 28, 6, 4, 93),
(1621, 28, 6, 5, 75),
(1622, 28, 6, 6, 100),
(1623, 28, 6, 7, 87),
(1624, 28, 6, 8, 77),
(1625, 29, 6, 1, 78),
(1626, 29, 6, 2, 75),
(1627, 29, 6, 3, 70),
(1628, 29, 6, 4, 72),
(1629, 29, 6, 5, 83),
(1630, 29, 6, 6, 78),
(1631, 29, 6, 7, 70),
(1632, 29, 6, 8, 67),
(1633, 30, 6, 1, 95),
(1634, 30, 6, 2, 81),
(1635, 30, 6, 3, 77),
(1636, 30, 6, 4, 78),
(1637, 30, 6, 5, 99),
(1638, 30, 6, 6, 88),
(1639, 30, 6, 7, 92),
(1640, 30, 6, 8, 71),
(1641, 31, 6, 1, 81),
(1642, 31, 6, 2, 97),
(1643, 31, 6, 3, 84),
(1644, 31, 6, 4, 78),
(1645, 31, 6, 5, 73),
(1646, 31, 6, 6, 85),
(1647, 31, 6, 7, 95),
(1648, 31, 6, 8, 71),
(1649, 32, 6, 1, 90),
(1650, 32, 6, 2, 79),
(1651, 32, 6, 3, 69),
(1652, 32, 6, 4, 86),
(1653, 32, 6, 5, 77),
(1654, 32, 6, 6, 78),
(1655, 32, 6, 7, 75),
(1656, 32, 6, 8, 99),
(1657, 33, 6, 1, 91),
(1658, 33, 6, 2, 70),
(1659, 33, 6, 3, 95),
(1660, 33, 6, 4, 68),
(1661, 33, 6, 5, 98),
(1662, 33, 6, 6, 91),
(1663, 33, 6, 7, 77),
(1664, 33, 6, 8, 71),
(1665, 34, 6, 1, 70),
(1666, 34, 6, 2, 93),
(1667, 34, 6, 3, 70),
(1668, 34, 6, 4, 73),
(1669, 34, 6, 5, 70),
(1670, 34, 6, 6, 97),
(1671, 34, 6, 7, 96),
(1672, 34, 6, 8, 86),
(1673, 35, 6, 1, 99),
(1674, 35, 6, 2, 89),
(1675, 35, 6, 3, 92),
(1676, 35, 6, 4, 67),
(1677, 35, 6, 5, 82),
(1678, 35, 6, 6, 87),
(1679, 35, 6, 7, 76),
(1680, 35, 6, 8, 93),
(1681, 1, 7, 1, 95),
(1682, 1, 7, 2, 80),
(1683, 1, 7, 3, 70),
(1684, 1, 7, 4, 99),
(1685, 1, 7, 5, 69),
(1686, 1, 7, 6, 69),
(1687, 1, 7, 7, 79),
(1688, 1, 7, 8, 91),
(1689, 2, 7, 1, 95),
(1690, 2, 7, 2, 76),
(1691, 2, 7, 3, 68),
(1692, 2, 7, 4, 67),
(1693, 2, 7, 5, 86),
(1694, 2, 7, 6, 99),
(1695, 2, 7, 7, 83),
(1696, 2, 7, 8, 95),
(1697, 3, 7, 1, 87),
(1698, 3, 7, 2, 100),
(1699, 3, 7, 3, 96),
(1700, 3, 7, 4, 88),
(1701, 3, 7, 5, 100),
(1702, 3, 7, 6, 85),
(1703, 3, 7, 7, 82),
(1704, 3, 7, 8, 71),
(1705, 4, 7, 1, 73),
(1706, 4, 7, 2, 92),
(1707, 4, 7, 3, 82),
(1708, 4, 7, 4, 93),
(1709, 4, 7, 5, 99),
(1710, 4, 7, 6, 84),
(1711, 4, 7, 7, 89),
(1712, 4, 7, 8, 68),
(1713, 5, 7, 1, 72),
(1714, 5, 7, 2, 76),
(1715, 5, 7, 3, 70),
(1716, 5, 7, 4, 98),
(1717, 5, 7, 5, 86),
(1718, 5, 7, 6, 71),
(1719, 5, 7, 7, 98),
(1720, 5, 7, 8, 86),
(1721, 6, 7, 1, 90),
(1722, 6, 7, 2, 94),
(1723, 6, 7, 3, 91),
(1724, 6, 7, 4, 69),
(1725, 6, 7, 5, 81),
(1726, 6, 7, 6, 68),
(1727, 6, 7, 7, 87),
(1728, 6, 7, 8, 72),
(1729, 7, 7, 1, 77),
(1730, 7, 7, 2, 68),
(1731, 7, 7, 3, 87),
(1732, 7, 7, 4, 89),
(1733, 7, 7, 5, 87),
(1734, 7, 7, 6, 84),
(1735, 7, 7, 7, 85),
(1736, 7, 7, 8, 93),
(1737, 8, 7, 1, 71),
(1738, 8, 7, 2, 73),
(1739, 8, 7, 3, 87),
(1740, 8, 7, 4, 88),
(1741, 8, 7, 5, 90),
(1742, 8, 7, 6, 76),
(1743, 8, 7, 7, 68),
(1744, 8, 7, 8, 98),
(1745, 9, 7, 1, 92),
(1746, 9, 7, 2, 67),
(1747, 9, 7, 3, 69),
(1748, 9, 7, 4, 84),
(1749, 9, 7, 5, 93),
(1750, 9, 7, 6, 84),
(1751, 9, 7, 7, 100),
(1752, 9, 7, 8, 84),
(1753, 10, 7, 1, 75),
(1754, 10, 7, 2, 90),
(1755, 10, 7, 3, 96),
(1756, 10, 7, 4, 75),
(1757, 10, 7, 5, 84),
(1758, 10, 7, 6, 100),
(1759, 10, 7, 7, 91),
(1760, 10, 7, 8, 69),
(1761, 11, 7, 1, 74),
(1762, 11, 7, 2, 98),
(1763, 11, 7, 3, 77),
(1764, 11, 7, 4, 76),
(1765, 11, 7, 5, 98),
(1766, 11, 7, 6, 95),
(1767, 11, 7, 7, 69),
(1768, 11, 7, 8, 84),
(1769, 12, 7, 1, 93),
(1770, 12, 7, 2, 100),
(1771, 12, 7, 3, 74),
(1772, 12, 7, 4, 87),
(1773, 12, 7, 5, 88),
(1774, 12, 7, 6, 96),
(1775, 12, 7, 7, 80),
(1776, 12, 7, 8, 79),
(1777, 13, 7, 1, 84),
(1778, 13, 7, 2, 86),
(1779, 13, 7, 3, 67),
(1780, 13, 7, 4, 90),
(1781, 13, 7, 5, 91),
(1782, 13, 7, 6, 76),
(1783, 13, 7, 7, 84),
(1784, 13, 7, 8, 85),
(1785, 14, 7, 1, 84),
(1786, 14, 7, 2, 97),
(1787, 14, 7, 3, 83),
(1788, 14, 7, 4, 83),
(1789, 14, 7, 5, 94),
(1790, 14, 7, 6, 92),
(1791, 14, 7, 7, 94),
(1792, 14, 7, 8, 86),
(1793, 15, 7, 1, 79),
(1794, 15, 7, 2, 90),
(1795, 15, 7, 3, 99),
(1796, 15, 7, 4, 83),
(1797, 15, 7, 5, 99),
(1798, 15, 7, 6, 84),
(1799, 15, 7, 7, 69),
(1800, 15, 7, 8, 79),
(1801, 16, 7, 1, 72),
(1802, 16, 7, 2, 71),
(1803, 16, 7, 3, 78),
(1804, 16, 7, 4, 89),
(1805, 16, 7, 5, 93),
(1806, 16, 7, 6, 77),
(1807, 16, 7, 7, 90),
(1808, 16, 7, 8, 81),
(1809, 17, 7, 1, 84),
(1810, 17, 7, 2, 100),
(1811, 17, 7, 3, 98),
(1812, 17, 7, 4, 82),
(1813, 17, 7, 5, 79),
(1814, 17, 7, 6, 79),
(1815, 17, 7, 7, 84),
(1816, 17, 7, 8, 90),
(1817, 18, 7, 1, 84),
(1818, 18, 7, 2, 82),
(1819, 18, 7, 3, 85),
(1820, 18, 7, 4, 95),
(1821, 18, 7, 5, 77),
(1822, 18, 7, 6, 79),
(1823, 18, 7, 7, 95),
(1824, 18, 7, 8, 89),
(1825, 19, 7, 1, 91),
(1826, 19, 7, 2, 75),
(1827, 19, 7, 3, 87),
(1828, 19, 7, 4, 77),
(1829, 19, 7, 5, 91),
(1830, 19, 7, 6, 85),
(1831, 19, 7, 7, 85),
(1832, 19, 7, 8, 76),
(1833, 20, 7, 1, 76),
(1834, 20, 7, 2, 87),
(1835, 20, 7, 3, 97),
(1836, 20, 7, 4, 94),
(1837, 20, 7, 5, 72),
(1838, 20, 7, 6, 87),
(1839, 20, 7, 7, 100),
(1840, 20, 7, 8, 68),
(1841, 21, 7, 1, 92),
(1842, 21, 7, 2, 75),
(1843, 21, 7, 3, 93),
(1844, 21, 7, 4, 94),
(1845, 21, 7, 5, 92),
(1846, 21, 7, 6, 93),
(1847, 21, 7, 7, 99),
(1848, 21, 7, 8, 98),
(1849, 22, 7, 1, 74),
(1850, 22, 7, 2, 79),
(1851, 22, 7, 3, 70),
(1852, 22, 7, 4, 76),
(1853, 22, 7, 5, 68),
(1854, 22, 7, 6, 94),
(1855, 22, 7, 7, 96),
(1856, 22, 7, 8, 78),
(1857, 23, 7, 1, 77),
(1858, 23, 7, 2, 90),
(1859, 23, 7, 3, 74),
(1860, 23, 7, 4, 91),
(1861, 23, 7, 5, 73),
(1862, 23, 7, 6, 97),
(1863, 23, 7, 7, 83),
(1864, 23, 7, 8, 77),
(1865, 24, 7, 1, 70),
(1866, 24, 7, 2, 81),
(1867, 24, 7, 3, 98),
(1868, 24, 7, 4, 68),
(1869, 24, 7, 5, 92),
(1870, 24, 7, 6, 91),
(1871, 24, 7, 7, 74),
(1872, 24, 7, 8, 76),
(1873, 25, 7, 1, 73),
(1874, 25, 7, 2, 78),
(1875, 25, 7, 3, 88),
(1876, 25, 7, 4, 93),
(1877, 25, 7, 5, 95),
(1878, 25, 7, 6, 86),
(1879, 25, 7, 7, 97),
(1880, 25, 7, 8, 75),
(1881, 26, 7, 1, 89),
(1882, 26, 7, 2, 87),
(1883, 26, 7, 3, 71),
(1884, 26, 7, 4, 95),
(1885, 26, 7, 5, 67),
(1886, 26, 7, 6, 70),
(1887, 26, 7, 7, 95),
(1888, 26, 7, 8, 88),
(1889, 27, 7, 1, 70),
(1890, 27, 7, 2, 99),
(1891, 27, 7, 3, 93),
(1892, 27, 7, 4, 91),
(1893, 27, 7, 5, 80),
(1894, 27, 7, 6, 86),
(1895, 27, 7, 7, 97),
(1896, 27, 7, 8, 81),
(1897, 28, 7, 1, 88),
(1898, 28, 7, 2, 87),
(1899, 28, 7, 3, 82),
(1900, 28, 7, 4, 80),
(1901, 28, 7, 5, 86),
(1902, 28, 7, 6, 90),
(1903, 28, 7, 7, 81),
(1904, 28, 7, 8, 70),
(1905, 29, 7, 1, 95),
(1906, 29, 7, 2, 76),
(1907, 29, 7, 3, 81),
(1908, 29, 7, 4, 77),
(1909, 29, 7, 5, 88),
(1910, 29, 7, 6, 90),
(1911, 29, 7, 7, 76),
(1912, 29, 7, 8, 89),
(1913, 30, 7, 1, 94),
(1914, 30, 7, 2, 73),
(1915, 30, 7, 3, 88),
(1916, 30, 7, 4, 82),
(1917, 30, 7, 5, 73),
(1918, 30, 7, 6, 75),
(1919, 30, 7, 7, 93),
(1920, 30, 7, 8, 84),
(1921, 31, 7, 1, 71),
(1922, 31, 7, 2, 69),
(1923, 31, 7, 3, 78),
(1924, 31, 7, 4, 77),
(1925, 31, 7, 5, 77),
(1926, 31, 7, 6, 88),
(1927, 31, 7, 7, 93),
(1928, 31, 7, 8, 88),
(1929, 32, 7, 1, 97),
(1930, 32, 7, 2, 70),
(1931, 32, 7, 3, 81),
(1932, 32, 7, 4, 94),
(1933, 32, 7, 5, 87),
(1934, 32, 7, 6, 84),
(1935, 32, 7, 7, 88),
(1936, 32, 7, 8, 85),
(1937, 33, 7, 1, 91),
(1938, 33, 7, 2, 69),
(1939, 33, 7, 3, 74),
(1940, 33, 7, 4, 82),
(1941, 33, 7, 5, 72),
(1942, 33, 7, 6, 72),
(1943, 33, 7, 7, 72),
(1944, 33, 7, 8, 72),
(1945, 34, 7, 1, 89),
(1946, 34, 7, 2, 71),
(1947, 34, 7, 3, 86),
(1948, 34, 7, 4, 73),
(1949, 34, 7, 5, 86),
(1950, 34, 7, 6, 75),
(1951, 34, 7, 7, 90),
(1952, 34, 7, 8, 99),
(1953, 35, 7, 1, 79),
(1954, 35, 7, 2, 67),
(1955, 35, 7, 3, 95),
(1956, 35, 7, 4, 83),
(1957, 35, 7, 5, 99),
(1958, 35, 7, 6, 67),
(1959, 35, 7, 7, 71),
(1960, 35, 7, 8, 99),
(1961, 1, 8, 1, 96),
(1962, 1, 8, 2, 100),
(1963, 1, 8, 3, 96),
(1964, 1, 8, 4, 78),
(1965, 1, 8, 5, 96),
(1966, 1, 8, 6, 73),
(1967, 1, 8, 7, 93),
(1968, 1, 8, 8, 85),
(1969, 2, 8, 1, 94),
(1970, 2, 8, 2, 90),
(1971, 2, 8, 3, 99),
(1972, 2, 8, 4, 73),
(1973, 2, 8, 5, 80),
(1974, 2, 8, 6, 99),
(1975, 2, 8, 7, 83),
(1976, 2, 8, 8, 92),
(1977, 3, 8, 1, 75),
(1978, 3, 8, 2, 80),
(1979, 3, 8, 3, 67),
(1980, 3, 8, 4, 67),
(1981, 3, 8, 5, 73),
(1982, 3, 8, 6, 69),
(1983, 3, 8, 7, 87),
(1984, 3, 8, 8, 68),
(1985, 4, 8, 1, 94),
(1986, 4, 8, 2, 94),
(1987, 4, 8, 3, 78),
(1988, 4, 8, 4, 76),
(1989, 4, 8, 5, 77),
(1990, 4, 8, 6, 92),
(1991, 4, 8, 7, 99),
(1992, 4, 8, 8, 78),
(1993, 5, 8, 1, 86),
(1994, 5, 8, 2, 72),
(1995, 5, 8, 3, 93),
(1996, 5, 8, 4, 99),
(1997, 5, 8, 5, 78),
(1998, 5, 8, 6, 90),
(1999, 5, 8, 7, 97),
(2000, 5, 8, 8, 72),
(2001, 6, 8, 1, 71),
(2002, 6, 8, 2, 72),
(2003, 6, 8, 3, 90),
(2004, 6, 8, 4, 84),
(2005, 6, 8, 5, 79),
(2006, 6, 8, 6, 70),
(2007, 6, 8, 7, 76),
(2008, 6, 8, 8, 82),
(2009, 7, 8, 1, 86),
(2010, 7, 8, 2, 67),
(2011, 7, 8, 3, 97),
(2012, 7, 8, 4, 98),
(2013, 7, 8, 5, 67),
(2014, 7, 8, 6, 92),
(2015, 7, 8, 7, 82),
(2016, 7, 8, 8, 90),
(2017, 8, 8, 1, 83),
(2018, 8, 8, 2, 82),
(2019, 8, 8, 3, 93),
(2020, 8, 8, 4, 89),
(2021, 8, 8, 5, 79),
(2022, 8, 8, 6, 94),
(2023, 8, 8, 7, 75),
(2024, 8, 8, 8, 95),
(2025, 9, 8, 1, 100),
(2026, 9, 8, 2, 91),
(2027, 9, 8, 3, 72),
(2028, 9, 8, 4, 89),
(2029, 9, 8, 5, 67),
(2030, 9, 8, 6, 67),
(2031, 9, 8, 7, 100),
(2032, 9, 8, 8, 79),
(2033, 10, 8, 1, 89),
(2034, 10, 8, 2, 83),
(2035, 10, 8, 3, 79),
(2036, 10, 8, 4, 81),
(2037, 10, 8, 5, 68),
(2038, 10, 8, 6, 87),
(2039, 10, 8, 7, 85),
(2040, 10, 8, 8, 75),
(2041, 11, 8, 1, 87),
(2042, 11, 8, 2, 100),
(2043, 11, 8, 3, 76),
(2044, 11, 8, 4, 98),
(2045, 11, 8, 5, 69),
(2046, 11, 8, 6, 76),
(2047, 11, 8, 7, 76),
(2048, 11, 8, 8, 98),
(2049, 12, 8, 1, 79),
(2050, 12, 8, 2, 99),
(2051, 12, 8, 3, 73),
(2052, 12, 8, 4, 88),
(2053, 12, 8, 5, 72),
(2054, 12, 8, 6, 74),
(2055, 12, 8, 7, 100),
(2056, 12, 8, 8, 81),
(2057, 13, 8, 1, 71),
(2058, 13, 8, 2, 87),
(2059, 13, 8, 3, 67),
(2060, 13, 8, 4, 82),
(2061, 13, 8, 5, 98),
(2062, 13, 8, 6, 74),
(2063, 13, 8, 7, 68),
(2064, 13, 8, 8, 72),
(2065, 14, 8, 1, 80),
(2066, 14, 8, 2, 88),
(2067, 14, 8, 3, 67),
(2068, 14, 8, 4, 99),
(2069, 14, 8, 5, 82),
(2070, 14, 8, 6, 82),
(2071, 14, 8, 7, 77),
(2072, 14, 8, 8, 71),
(2073, 15, 8, 1, 78),
(2074, 15, 8, 2, 77),
(2075, 15, 8, 3, 70),
(2076, 15, 8, 4, 68),
(2077, 15, 8, 5, 78),
(2078, 15, 8, 6, 88),
(2079, 15, 8, 7, 69),
(2080, 15, 8, 8, 93),
(2081, 16, 8, 1, 83),
(2082, 16, 8, 2, 76),
(2083, 16, 8, 3, 86),
(2084, 16, 8, 4, 73),
(2085, 16, 8, 5, 89),
(2086, 16, 8, 6, 100),
(2087, 16, 8, 7, 74),
(2088, 16, 8, 8, 70),
(2089, 17, 8, 1, 100),
(2090, 17, 8, 2, 95),
(2091, 17, 8, 3, 77),
(2092, 17, 8, 4, 79),
(2093, 17, 8, 5, 68),
(2094, 17, 8, 6, 75),
(2095, 17, 8, 7, 69),
(2096, 17, 8, 8, 85),
(2097, 18, 8, 1, 79),
(2098, 18, 8, 2, 88),
(2099, 18, 8, 3, 88),
(2100, 18, 8, 4, 69),
(2101, 18, 8, 5, 86),
(2102, 18, 8, 6, 88),
(2103, 18, 8, 7, 84),
(2104, 18, 8, 8, 70),
(2105, 19, 8, 1, 94),
(2106, 19, 8, 2, 99),
(2107, 19, 8, 3, 80),
(2108, 19, 8, 4, 74),
(2109, 19, 8, 5, 94),
(2110, 19, 8, 6, 95),
(2111, 19, 8, 7, 95),
(2112, 19, 8, 8, 74),
(2113, 20, 8, 1, 94),
(2114, 20, 8, 2, 82),
(2115, 20, 8, 3, 99),
(2116, 20, 8, 4, 78),
(2117, 20, 8, 5, 97),
(2118, 20, 8, 6, 70),
(2119, 20, 8, 7, 97),
(2120, 20, 8, 8, 96),
(2121, 21, 8, 1, 85),
(2122, 21, 8, 2, 80),
(2123, 21, 8, 3, 70),
(2124, 21, 8, 4, 79),
(2125, 21, 8, 5, 80),
(2126, 21, 8, 6, 71),
(2127, 21, 8, 7, 69),
(2128, 21, 8, 8, 85),
(2129, 22, 8, 1, 86),
(2130, 22, 8, 2, 83),
(2131, 22, 8, 3, 74),
(2132, 22, 8, 4, 92),
(2133, 22, 8, 5, 80),
(2134, 22, 8, 6, 72),
(2135, 22, 8, 7, 73),
(2136, 22, 8, 8, 72),
(2137, 23, 8, 1, 100),
(2138, 23, 8, 2, 99),
(2139, 23, 8, 3, 72),
(2140, 23, 8, 4, 84),
(2141, 23, 8, 5, 84),
(2142, 23, 8, 6, 97),
(2143, 23, 8, 7, 86),
(2144, 23, 8, 8, 75),
(2145, 24, 8, 1, 79),
(2146, 24, 8, 2, 83),
(2147, 24, 8, 3, 76),
(2148, 24, 8, 4, 69),
(2149, 24, 8, 5, 95),
(2150, 24, 8, 6, 85),
(2151, 24, 8, 7, 69),
(2152, 24, 8, 8, 92),
(2153, 25, 8, 1, 95),
(2154, 25, 8, 2, 77),
(2155, 25, 8, 3, 79),
(2156, 25, 8, 4, 82),
(2157, 25, 8, 5, 99),
(2158, 25, 8, 6, 96),
(2159, 25, 8, 7, 68),
(2160, 25, 8, 8, 70),
(2161, 26, 8, 1, 100),
(2162, 26, 8, 2, 73),
(2163, 26, 8, 3, 94),
(2164, 26, 8, 4, 68),
(2165, 26, 8, 5, 99),
(2166, 26, 8, 6, 67),
(2167, 26, 8, 7, 78),
(2168, 26, 8, 8, 78),
(2169, 27, 8, 1, 96),
(2170, 27, 8, 2, 76),
(2171, 27, 8, 3, 81),
(2172, 27, 8, 4, 97),
(2173, 27, 8, 5, 82),
(2174, 27, 8, 6, 93),
(2175, 27, 8, 7, 76),
(2176, 27, 8, 8, 96),
(2177, 28, 8, 1, 71),
(2178, 28, 8, 2, 78),
(2179, 28, 8, 3, 86),
(2180, 28, 8, 4, 81),
(2181, 28, 8, 5, 84),
(2182, 28, 8, 6, 78),
(2183, 28, 8, 7, 90),
(2184, 28, 8, 8, 90),
(2185, 29, 8, 1, 95),
(2186, 29, 8, 2, 86),
(2187, 29, 8, 3, 69),
(2188, 29, 8, 4, 88),
(2189, 29, 8, 5, 92),
(2190, 29, 8, 6, 81),
(2191, 29, 8, 7, 100),
(2192, 29, 8, 8, 76),
(2193, 30, 8, 1, 87),
(2194, 30, 8, 2, 91),
(2195, 30, 8, 3, 77),
(2196, 30, 8, 4, 99),
(2197, 30, 8, 5, 74),
(2198, 30, 8, 6, 75),
(2199, 30, 8, 7, 99),
(2200, 30, 8, 8, 87),
(2201, 31, 8, 1, 83),
(2202, 31, 8, 2, 99),
(2203, 31, 8, 3, 71),
(2204, 31, 8, 4, 79),
(2205, 31, 8, 5, 86),
(2206, 31, 8, 6, 84),
(2207, 31, 8, 7, 98),
(2208, 31, 8, 8, 70),
(2209, 32, 8, 1, 71),
(2210, 32, 8, 2, 68),
(2211, 32, 8, 3, 95),
(2212, 32, 8, 4, 79),
(2213, 32, 8, 5, 97),
(2214, 32, 8, 6, 83),
(2215, 32, 8, 7, 94),
(2216, 32, 8, 8, 92),
(2217, 33, 8, 1, 86),
(2218, 33, 8, 2, 73),
(2219, 33, 8, 3, 76),
(2220, 33, 8, 4, 97),
(2221, 33, 8, 5, 92),
(2222, 33, 8, 6, 95),
(2223, 33, 8, 7, 97),
(2224, 33, 8, 8, 68),
(2225, 34, 8, 1, 82),
(2226, 34, 8, 2, 70),
(2227, 34, 8, 3, 94),
(2228, 34, 8, 4, 81),
(2229, 34, 8, 5, 74),
(2230, 34, 8, 6, 94),
(2231, 34, 8, 7, 67),
(2232, 34, 8, 8, 99),
(2233, 35, 8, 1, 95),
(2234, 35, 8, 2, 100),
(2235, 35, 8, 3, 77),
(2236, 35, 8, 4, 99),
(2237, 35, 8, 5, 99),
(2238, 35, 8, 6, 70),
(2239, 35, 8, 7, 86),
(2240, 35, 8, 8, 97),
(2241, 1, 9, 1, 90),
(2242, 1, 9, 2, 83),
(2243, 1, 9, 3, 92),
(2244, 1, 9, 4, 98),
(2245, 1, 9, 5, 74),
(2246, 1, 9, 6, 89),
(2247, 1, 9, 7, 96),
(2248, 1, 9, 8, 99),
(2249, 2, 9, 1, 94),
(2250, 2, 9, 2, 94),
(2251, 2, 9, 3, 74),
(2252, 2, 9, 4, 75),
(2253, 2, 9, 5, 75),
(2254, 2, 9, 6, 85),
(2255, 2, 9, 7, 76),
(2256, 2, 9, 8, 99),
(2257, 3, 9, 1, 71),
(2258, 3, 9, 2, 97),
(2259, 3, 9, 3, 89),
(2260, 3, 9, 4, 80),
(2261, 3, 9, 5, 77),
(2262, 3, 9, 6, 73),
(2263, 3, 9, 7, 75),
(2264, 3, 9, 8, 83),
(2265, 4, 9, 1, 96),
(2266, 4, 9, 2, 88),
(2267, 4, 9, 3, 100),
(2268, 4, 9, 4, 99),
(2269, 4, 9, 5, 72),
(2270, 4, 9, 6, 97),
(2271, 4, 9, 7, 74),
(2272, 4, 9, 8, 89),
(2273, 5, 9, 1, 93),
(2274, 5, 9, 2, 77),
(2275, 5, 9, 3, 90),
(2276, 5, 9, 4, 67),
(2277, 5, 9, 5, 67),
(2278, 5, 9, 6, 86),
(2279, 5, 9, 7, 72),
(2280, 5, 9, 8, 69),
(2281, 6, 9, 1, 68),
(2282, 6, 9, 2, 94),
(2283, 6, 9, 3, 93),
(2284, 6, 9, 4, 73),
(2285, 6, 9, 5, 85),
(2286, 6, 9, 6, 84),
(2287, 6, 9, 7, 86),
(2288, 6, 9, 8, 94),
(2289, 7, 9, 1, 80),
(2290, 7, 9, 2, 83),
(2291, 7, 9, 3, 89),
(2292, 7, 9, 4, 86),
(2293, 7, 9, 5, 67),
(2294, 7, 9, 6, 87),
(2295, 7, 9, 7, 79),
(2296, 7, 9, 8, 82),
(2297, 8, 9, 1, 68),
(2298, 8, 9, 2, 71),
(2299, 8, 9, 3, 77),
(2300, 8, 9, 4, 92),
(2301, 8, 9, 5, 71),
(2302, 8, 9, 6, 71),
(2303, 8, 9, 7, 68),
(2304, 8, 9, 8, 71),
(2305, 9, 9, 1, 91),
(2306, 9, 9, 2, 71),
(2307, 9, 9, 3, 75),
(2308, 9, 9, 4, 94),
(2309, 9, 9, 5, 71),
(2310, 9, 9, 6, 100),
(2311, 9, 9, 7, 86),
(2312, 9, 9, 8, 80),
(2313, 10, 9, 1, 88),
(2314, 10, 9, 2, 77),
(2315, 10, 9, 3, 80),
(2316, 10, 9, 4, 79),
(2317, 10, 9, 5, 90),
(2318, 10, 9, 6, 83),
(2319, 10, 9, 7, 81),
(2320, 10, 9, 8, 79),
(2321, 11, 9, 1, 84),
(2322, 11, 9, 2, 67),
(2323, 11, 9, 3, 75),
(2324, 11, 9, 4, 83),
(2325, 11, 9, 5, 69),
(2326, 11, 9, 6, 83),
(2327, 11, 9, 7, 86),
(2328, 11, 9, 8, 88),
(2329, 12, 9, 1, 85),
(2330, 12, 9, 2, 70),
(2331, 12, 9, 3, 92),
(2332, 12, 9, 4, 93),
(2333, 12, 9, 5, 99),
(2334, 12, 9, 6, 77),
(2335, 12, 9, 7, 83),
(2336, 12, 9, 8, 77),
(2337, 13, 9, 1, 84),
(2338, 13, 9, 2, 97),
(2339, 13, 9, 3, 80),
(2340, 13, 9, 4, 78),
(2341, 13, 9, 5, 87),
(2342, 13, 9, 6, 95),
(2343, 13, 9, 7, 70),
(2344, 13, 9, 8, 99),
(2345, 14, 9, 1, 86),
(2346, 14, 9, 2, 76),
(2347, 14, 9, 3, 71),
(2348, 14, 9, 4, 92),
(2349, 14, 9, 5, 90),
(2350, 14, 9, 6, 80),
(2351, 14, 9, 7, 97),
(2352, 14, 9, 8, 89),
(2353, 15, 9, 1, 82),
(2354, 15, 9, 2, 85),
(2355, 15, 9, 3, 81),
(2356, 15, 9, 4, 71),
(2357, 15, 9, 5, 82),
(2358, 15, 9, 6, 94),
(2359, 15, 9, 7, 97),
(2360, 15, 9, 8, 68),
(2361, 16, 9, 1, 80),
(2362, 16, 9, 2, 85),
(2363, 16, 9, 3, 76),
(2364, 16, 9, 4, 68),
(2365, 16, 9, 5, 87),
(2366, 16, 9, 6, 82),
(2367, 16, 9, 7, 83),
(2368, 16, 9, 8, 73),
(2369, 17, 9, 1, 71),
(2370, 17, 9, 2, 89),
(2371, 17, 9, 3, 71),
(2372, 17, 9, 4, 87),
(2373, 17, 9, 5, 80),
(2374, 17, 9, 6, 72),
(2375, 17, 9, 7, 90),
(2376, 17, 9, 8, 91),
(2377, 18, 9, 1, 95),
(2378, 18, 9, 2, 90),
(2379, 18, 9, 3, 99),
(2380, 18, 9, 4, 79),
(2381, 18, 9, 5, 84),
(2382, 18, 9, 6, 76),
(2383, 18, 9, 7, 99),
(2384, 18, 9, 8, 89),
(2385, 19, 9, 1, 75),
(2386, 19, 9, 2, 67),
(2387, 19, 9, 3, 74),
(2388, 19, 9, 4, 83),
(2389, 19, 9, 5, 73),
(2390, 19, 9, 6, 88),
(2391, 19, 9, 7, 76),
(2392, 19, 9, 8, 90),
(2393, 20, 9, 1, 87),
(2394, 20, 9, 2, 82),
(2395, 20, 9, 3, 97),
(2396, 20, 9, 4, 84),
(2397, 20, 9, 5, 71),
(2398, 20, 9, 6, 87),
(2399, 20, 9, 7, 70),
(2400, 20, 9, 8, 95),
(2401, 21, 9, 1, 87),
(2402, 21, 9, 2, 79),
(2403, 21, 9, 3, 82),
(2404, 21, 9, 4, 85),
(2405, 21, 9, 5, 85),
(2406, 21, 9, 6, 100),
(2407, 21, 9, 7, 80),
(2408, 21, 9, 8, 90),
(2409, 22, 9, 1, 82),
(2410, 22, 9, 2, 87),
(2411, 22, 9, 3, 96),
(2412, 22, 9, 4, 73),
(2413, 22, 9, 5, 73),
(2414, 22, 9, 6, 71),
(2415, 22, 9, 7, 88),
(2416, 22, 9, 8, 80),
(2417, 23, 9, 1, 97),
(2418, 23, 9, 2, 82),
(2419, 23, 9, 3, 86),
(2420, 23, 9, 4, 85),
(2421, 23, 9, 5, 75),
(2422, 23, 9, 6, 98),
(2423, 23, 9, 7, 93),
(2424, 23, 9, 8, 84),
(2425, 24, 9, 1, 72),
(2426, 24, 9, 2, 95),
(2427, 24, 9, 3, 87),
(2428, 24, 9, 4, 73),
(2429, 24, 9, 5, 82),
(2430, 24, 9, 6, 90),
(2431, 24, 9, 7, 77),
(2432, 24, 9, 8, 72),
(2433, 25, 9, 1, 98),
(2434, 25, 9, 2, 68),
(2435, 25, 9, 3, 79),
(2436, 25, 9, 4, 75),
(2437, 25, 9, 5, 68),
(2438, 25, 9, 6, 75),
(2439, 25, 9, 7, 73),
(2440, 25, 9, 8, 97),
(2441, 26, 9, 1, 81),
(2442, 26, 9, 2, 99),
(2443, 26, 9, 3, 96),
(2444, 26, 9, 4, 75),
(2445, 26, 9, 5, 91),
(2446, 26, 9, 6, 99),
(2447, 26, 9, 7, 96),
(2448, 26, 9, 8, 95),
(2449, 27, 9, 1, 80),
(2450, 27, 9, 2, 97),
(2451, 27, 9, 3, 85),
(2452, 27, 9, 4, 78),
(2453, 27, 9, 5, 89),
(2454, 27, 9, 6, 90),
(2455, 27, 9, 7, 79),
(2456, 27, 9, 8, 87),
(2457, 28, 9, 1, 68),
(2458, 28, 9, 2, 90),
(2459, 28, 9, 3, 80),
(2460, 28, 9, 4, 70),
(2461, 28, 9, 5, 89),
(2462, 28, 9, 6, 92),
(2463, 28, 9, 7, 70),
(2464, 28, 9, 8, 74),
(2465, 29, 9, 1, 69),
(2466, 29, 9, 2, 91),
(2467, 29, 9, 3, 97),
(2468, 29, 9, 4, 88),
(2469, 29, 9, 5, 97),
(2470, 29, 9, 6, 100),
(2471, 29, 9, 7, 69),
(2472, 29, 9, 8, 78),
(2473, 30, 9, 1, 91),
(2474, 30, 9, 2, 93),
(2475, 30, 9, 3, 99),
(2476, 30, 9, 4, 84),
(2477, 30, 9, 5, 69),
(2478, 30, 9, 6, 92),
(2479, 30, 9, 7, 91),
(2480, 30, 9, 8, 67),
(2481, 31, 9, 1, 91),
(2482, 31, 9, 2, 76),
(2483, 31, 9, 3, 71),
(2484, 31, 9, 4, 96),
(2485, 31, 9, 5, 81),
(2486, 31, 9, 6, 97),
(2487, 31, 9, 7, 68),
(2488, 31, 9, 8, 96),
(2489, 32, 9, 1, 76),
(2490, 32, 9, 2, 67),
(2491, 32, 9, 3, 77),
(2492, 32, 9, 4, 74),
(2493, 32, 9, 5, 90),
(2494, 32, 9, 6, 93),
(2495, 32, 9, 7, 83),
(2496, 32, 9, 8, 100),
(2497, 33, 9, 1, 69),
(2498, 33, 9, 2, 78),
(2499, 33, 9, 3, 100),
(2500, 33, 9, 4, 92),
(2501, 33, 9, 5, 69),
(2502, 33, 9, 6, 73),
(2503, 33, 9, 7, 68),
(2504, 33, 9, 8, 100),
(2505, 34, 9, 1, 80),
(2506, 34, 9, 2, 70),
(2507, 34, 9, 3, 72),
(2508, 34, 9, 4, 67),
(2509, 34, 9, 5, 76),
(2510, 34, 9, 6, 84),
(2511, 34, 9, 7, 72),
(2512, 34, 9, 8, 97),
(2513, 35, 9, 1, 97),
(2514, 35, 9, 2, 88),
(2515, 35, 9, 3, 76),
(2516, 35, 9, 4, 69),
(2517, 35, 9, 5, 85),
(2518, 35, 9, 6, 87),
(2519, 35, 9, 7, 94),
(2520, 35, 9, 8, 79),
(2521, 1, 10, 1, 95),
(2522, 1, 10, 2, 93),
(2523, 1, 10, 3, 77),
(2524, 1, 10, 4, 86),
(2525, 1, 10, 5, 86),
(2526, 1, 10, 6, 93),
(2527, 1, 10, 7, 83),
(2528, 1, 10, 8, 83),
(2529, 2, 10, 1, 98),
(2530, 2, 10, 2, 98),
(2531, 2, 10, 3, 90),
(2532, 2, 10, 4, 87),
(2533, 2, 10, 5, 87),
(2534, 2, 10, 6, 96),
(2535, 2, 10, 7, 70),
(2536, 2, 10, 8, 95),
(2537, 3, 10, 1, 79),
(2538, 3, 10, 2, 96),
(2539, 3, 10, 3, 82),
(2540, 3, 10, 4, 91),
(2541, 3, 10, 5, 78),
(2542, 3, 10, 6, 75),
(2543, 3, 10, 7, 73),
(2544, 3, 10, 8, 84),
(2545, 4, 10, 1, 98),
(2546, 4, 10, 2, 99),
(2547, 4, 10, 3, 67),
(2548, 4, 10, 4, 68),
(2549, 4, 10, 5, 100),
(2550, 4, 10, 6, 92),
(2551, 4, 10, 7, 90),
(2552, 4, 10, 8, 70),
(2553, 5, 10, 1, 92),
(2554, 5, 10, 2, 68),
(2555, 5, 10, 3, 79),
(2556, 5, 10, 4, 71),
(2557, 5, 10, 5, 76),
(2558, 5, 10, 6, 91),
(2559, 5, 10, 7, 68),
(2560, 5, 10, 8, 90),
(2561, 6, 10, 1, 88),
(2562, 6, 10, 2, 83),
(2563, 6, 10, 3, 100),
(2564, 6, 10, 4, 72),
(2565, 6, 10, 5, 82),
(2566, 6, 10, 6, 67),
(2567, 6, 10, 7, 76),
(2568, 6, 10, 8, 97),
(2569, 7, 10, 1, 91),
(2570, 7, 10, 2, 70),
(2571, 7, 10, 3, 95),
(2572, 7, 10, 4, 88),
(2573, 7, 10, 5, 74),
(2574, 7, 10, 6, 99),
(2575, 7, 10, 7, 94),
(2576, 7, 10, 8, 95),
(2577, 8, 10, 1, 93),
(2578, 8, 10, 2, 75),
(2579, 8, 10, 3, 79);
INSERT INTO `tugas` (`id_tugas`, `id_mengajar`, `id_daftar_nilai`, `ulangan_ke`, `nilai`) VALUES
(2580, 8, 10, 4, 90),
(2581, 8, 10, 5, 93),
(2582, 8, 10, 6, 80),
(2583, 8, 10, 7, 88),
(2584, 8, 10, 8, 68),
(2585, 9, 10, 1, 67),
(2586, 9, 10, 2, 93),
(2587, 9, 10, 3, 86),
(2588, 9, 10, 4, 98),
(2589, 9, 10, 5, 96),
(2590, 9, 10, 6, 89),
(2591, 9, 10, 7, 74),
(2592, 9, 10, 8, 88),
(2593, 10, 10, 1, 72),
(2594, 10, 10, 2, 67),
(2595, 10, 10, 3, 97),
(2596, 10, 10, 4, 81),
(2597, 10, 10, 5, 90),
(2598, 10, 10, 6, 88),
(2599, 10, 10, 7, 84),
(2600, 10, 10, 8, 74),
(2601, 11, 10, 1, 80),
(2602, 11, 10, 2, 94),
(2603, 11, 10, 3, 77),
(2604, 11, 10, 4, 93),
(2605, 11, 10, 5, 99),
(2606, 11, 10, 6, 88),
(2607, 11, 10, 7, 67),
(2608, 11, 10, 8, 96),
(2609, 12, 10, 1, 83),
(2610, 12, 10, 2, 84),
(2611, 12, 10, 3, 77),
(2612, 12, 10, 4, 69),
(2613, 12, 10, 5, 98),
(2614, 12, 10, 6, 83),
(2615, 12, 10, 7, 90),
(2616, 12, 10, 8, 73),
(2617, 13, 10, 1, 88),
(2618, 13, 10, 2, 99),
(2619, 13, 10, 3, 95),
(2620, 13, 10, 4, 98),
(2621, 13, 10, 5, 76),
(2622, 13, 10, 6, 86),
(2623, 13, 10, 7, 100),
(2624, 13, 10, 8, 76),
(2625, 14, 10, 1, 85),
(2626, 14, 10, 2, 84),
(2627, 14, 10, 3, 79),
(2628, 14, 10, 4, 81),
(2629, 14, 10, 5, 75),
(2630, 14, 10, 6, 91),
(2631, 14, 10, 7, 96),
(2632, 14, 10, 8, 91),
(2633, 15, 10, 1, 81),
(2634, 15, 10, 2, 100),
(2635, 15, 10, 3, 96),
(2636, 15, 10, 4, 71),
(2637, 15, 10, 5, 85),
(2638, 15, 10, 6, 75),
(2639, 15, 10, 7, 95),
(2640, 15, 10, 8, 88),
(2641, 16, 10, 1, 68),
(2642, 16, 10, 2, 92),
(2643, 16, 10, 3, 95),
(2644, 16, 10, 4, 73),
(2645, 16, 10, 5, 80),
(2646, 16, 10, 6, 68),
(2647, 16, 10, 7, 95),
(2648, 16, 10, 8, 86),
(2649, 17, 10, 1, 86),
(2650, 17, 10, 2, 88),
(2651, 17, 10, 3, 73),
(2652, 17, 10, 4, 72),
(2653, 17, 10, 5, 84),
(2654, 17, 10, 6, 82),
(2655, 17, 10, 7, 78),
(2656, 17, 10, 8, 89),
(2657, 18, 10, 1, 92),
(2658, 18, 10, 2, 100),
(2659, 18, 10, 3, 82),
(2660, 18, 10, 4, 71),
(2661, 18, 10, 5, 71),
(2662, 18, 10, 6, 76),
(2663, 18, 10, 7, 78),
(2664, 18, 10, 8, 82),
(2665, 19, 10, 1, 94),
(2666, 19, 10, 2, 88),
(2667, 19, 10, 3, 85),
(2668, 19, 10, 4, 91),
(2669, 19, 10, 5, 99),
(2670, 19, 10, 6, 96),
(2671, 19, 10, 7, 75),
(2672, 19, 10, 8, 70),
(2673, 20, 10, 1, 81),
(2674, 20, 10, 2, 99),
(2675, 20, 10, 3, 99),
(2676, 20, 10, 4, 67),
(2677, 20, 10, 5, 74),
(2678, 20, 10, 6, 70),
(2679, 20, 10, 7, 69),
(2680, 20, 10, 8, 72),
(2681, 21, 10, 1, 96),
(2682, 21, 10, 2, 92),
(2683, 21, 10, 3, 89),
(2684, 21, 10, 4, 86),
(2685, 21, 10, 5, 88),
(2686, 21, 10, 6, 76),
(2687, 21, 10, 7, 77),
(2688, 21, 10, 8, 92),
(2689, 22, 10, 1, 94),
(2690, 22, 10, 2, 80),
(2691, 22, 10, 3, 71),
(2692, 22, 10, 4, 86),
(2693, 22, 10, 5, 80),
(2694, 22, 10, 6, 76),
(2695, 22, 10, 7, 96),
(2696, 22, 10, 8, 81),
(2697, 23, 10, 1, 84),
(2698, 23, 10, 2, 92),
(2699, 23, 10, 3, 77),
(2700, 23, 10, 4, 84),
(2701, 23, 10, 5, 74),
(2702, 23, 10, 6, 82),
(2703, 23, 10, 7, 75),
(2704, 23, 10, 8, 77),
(2705, 24, 10, 1, 89),
(2706, 24, 10, 2, 70),
(2707, 24, 10, 3, 90),
(2708, 24, 10, 4, 85),
(2709, 24, 10, 5, 80),
(2710, 24, 10, 6, 87),
(2711, 24, 10, 7, 81),
(2712, 24, 10, 8, 100),
(2713, 25, 10, 1, 84),
(2714, 25, 10, 2, 79),
(2715, 25, 10, 3, 74),
(2716, 25, 10, 4, 75),
(2717, 25, 10, 5, 86),
(2718, 25, 10, 6, 70),
(2719, 25, 10, 7, 95),
(2720, 25, 10, 8, 85),
(2721, 26, 10, 1, 91),
(2722, 26, 10, 2, 94),
(2723, 26, 10, 3, 80),
(2724, 26, 10, 4, 91),
(2725, 26, 10, 5, 100),
(2726, 26, 10, 6, 93),
(2727, 26, 10, 7, 83),
(2728, 26, 10, 8, 87),
(2729, 27, 10, 1, 86),
(2730, 27, 10, 2, 78),
(2731, 27, 10, 3, 72),
(2732, 27, 10, 4, 85),
(2733, 27, 10, 5, 78),
(2734, 27, 10, 6, 100),
(2735, 27, 10, 7, 95),
(2736, 27, 10, 8, 74),
(2737, 28, 10, 1, 92),
(2738, 28, 10, 2, 75),
(2739, 28, 10, 3, 100),
(2740, 28, 10, 4, 94),
(2741, 28, 10, 5, 97),
(2742, 28, 10, 6, 86),
(2743, 28, 10, 7, 95),
(2744, 28, 10, 8, 67),
(2745, 29, 10, 1, 83),
(2746, 29, 10, 2, 81),
(2747, 29, 10, 3, 96),
(2748, 29, 10, 4, 71),
(2749, 29, 10, 5, 78),
(2750, 29, 10, 6, 96),
(2751, 29, 10, 7, 100),
(2752, 29, 10, 8, 69),
(2753, 30, 10, 1, 83),
(2754, 30, 10, 2, 73),
(2755, 30, 10, 3, 75),
(2756, 30, 10, 4, 86),
(2757, 30, 10, 5, 97),
(2758, 30, 10, 6, 92),
(2759, 30, 10, 7, 74),
(2760, 30, 10, 8, 100),
(2761, 31, 10, 1, 100),
(2762, 31, 10, 2, 80),
(2763, 31, 10, 3, 70),
(2764, 31, 10, 4, 93),
(2765, 31, 10, 5, 77),
(2766, 31, 10, 6, 84),
(2767, 31, 10, 7, 67),
(2768, 31, 10, 8, 95),
(2769, 32, 10, 1, 89),
(2770, 32, 10, 2, 79),
(2771, 32, 10, 3, 97),
(2772, 32, 10, 4, 93),
(2773, 32, 10, 5, 92),
(2774, 32, 10, 6, 67),
(2775, 32, 10, 7, 79),
(2776, 32, 10, 8, 75),
(2777, 33, 10, 1, 94),
(2778, 33, 10, 2, 99),
(2779, 33, 10, 3, 87),
(2780, 33, 10, 4, 74),
(2781, 33, 10, 5, 100),
(2782, 33, 10, 6, 88),
(2783, 33, 10, 7, 91),
(2784, 33, 10, 8, 77),
(2785, 34, 10, 1, 69),
(2786, 34, 10, 2, 84),
(2787, 34, 10, 3, 90),
(2788, 34, 10, 4, 72),
(2789, 34, 10, 5, 73),
(2790, 34, 10, 6, 72),
(2791, 34, 10, 7, 68),
(2792, 34, 10, 8, 87),
(2793, 35, 10, 1, 91),
(2794, 35, 10, 2, 97),
(2795, 35, 10, 3, 71),
(2796, 35, 10, 4, 74),
(2797, 35, 10, 5, 70),
(2798, 35, 10, 6, 100),
(2799, 35, 10, 7, 94),
(2800, 35, 10, 8, 73),
(2801, 1, 11, 1, 82),
(2802, 1, 11, 2, 81),
(2803, 1, 11, 3, 80),
(2804, 1, 11, 4, 83),
(2805, 1, 11, 5, 99),
(2806, 1, 11, 6, 98),
(2807, 1, 11, 7, 100),
(2808, 1, 11, 8, 91),
(2809, 2, 11, 1, 83),
(2810, 2, 11, 2, 99),
(2811, 2, 11, 3, 81),
(2812, 2, 11, 4, 85),
(2813, 2, 11, 5, 82),
(2814, 2, 11, 6, 78),
(2815, 2, 11, 7, 68),
(2816, 2, 11, 8, 76),
(2817, 3, 11, 1, 84),
(2818, 3, 11, 2, 95),
(2819, 3, 11, 3, 92),
(2820, 3, 11, 4, 83),
(2821, 3, 11, 5, 94),
(2822, 3, 11, 6, 69),
(2823, 3, 11, 7, 99),
(2824, 3, 11, 8, 81),
(2825, 4, 11, 1, 94),
(2826, 4, 11, 2, 97),
(2827, 4, 11, 3, 76),
(2828, 4, 11, 4, 97),
(2829, 4, 11, 5, 92),
(2830, 4, 11, 6, 81),
(2831, 4, 11, 7, 73),
(2832, 4, 11, 8, 76),
(2833, 5, 11, 1, 68),
(2834, 5, 11, 2, 83),
(2835, 5, 11, 3, 83),
(2836, 5, 11, 4, 97),
(2837, 5, 11, 5, 83),
(2838, 5, 11, 6, 77),
(2839, 5, 11, 7, 90),
(2840, 5, 11, 8, 81),
(2841, 6, 11, 1, 83),
(2842, 6, 11, 2, 81),
(2843, 6, 11, 3, 79),
(2844, 6, 11, 4, 69),
(2845, 6, 11, 5, 92),
(2846, 6, 11, 6, 67),
(2847, 6, 11, 7, 99),
(2848, 6, 11, 8, 99),
(2849, 7, 11, 1, 94),
(2850, 7, 11, 2, 70),
(2851, 7, 11, 3, 79),
(2852, 7, 11, 4, 83),
(2853, 7, 11, 5, 93),
(2854, 7, 11, 6, 81),
(2855, 7, 11, 7, 99),
(2856, 7, 11, 8, 83),
(2857, 8, 11, 1, 75),
(2858, 8, 11, 2, 79),
(2859, 8, 11, 3, 83),
(2860, 8, 11, 4, 93),
(2861, 8, 11, 5, 74),
(2862, 8, 11, 6, 96),
(2863, 8, 11, 7, 72),
(2864, 8, 11, 8, 69),
(2865, 9, 11, 1, 84),
(2866, 9, 11, 2, 83),
(2867, 9, 11, 3, 72),
(2868, 9, 11, 4, 67),
(2869, 9, 11, 5, 79),
(2870, 9, 11, 6, 72),
(2871, 9, 11, 7, 84),
(2872, 9, 11, 8, 78),
(2873, 10, 11, 1, 95),
(2874, 10, 11, 2, 80),
(2875, 10, 11, 3, 80),
(2876, 10, 11, 4, 94),
(2877, 10, 11, 5, 98),
(2878, 10, 11, 6, 90),
(2879, 10, 11, 7, 83),
(2880, 10, 11, 8, 79),
(2881, 11, 11, 1, 98),
(2882, 11, 11, 2, 79),
(2883, 11, 11, 3, 87),
(2884, 11, 11, 4, 75),
(2885, 11, 11, 5, 69),
(2886, 11, 11, 6, 75),
(2887, 11, 11, 7, 69),
(2888, 11, 11, 8, 92),
(2889, 12, 11, 1, 67),
(2890, 12, 11, 2, 76),
(2891, 12, 11, 3, 94),
(2892, 12, 11, 4, 97),
(2893, 12, 11, 5, 86),
(2894, 12, 11, 6, 75),
(2895, 12, 11, 7, 91),
(2896, 12, 11, 8, 86),
(2897, 13, 11, 1, 94),
(2898, 13, 11, 2, 83),
(2899, 13, 11, 3, 82),
(2900, 13, 11, 4, 96),
(2901, 13, 11, 5, 87),
(2902, 13, 11, 6, 83),
(2903, 13, 11, 7, 80),
(2904, 13, 11, 8, 82),
(2905, 14, 11, 1, 85),
(2906, 14, 11, 2, 94),
(2907, 14, 11, 3, 84),
(2908, 14, 11, 4, 93),
(2909, 14, 11, 5, 98),
(2910, 14, 11, 6, 77),
(2911, 14, 11, 7, 87),
(2912, 14, 11, 8, 83),
(2913, 15, 11, 1, 97),
(2914, 15, 11, 2, 86),
(2915, 15, 11, 3, 82),
(2916, 15, 11, 4, 90),
(2917, 15, 11, 5, 91),
(2918, 15, 11, 6, 86),
(2919, 15, 11, 7, 75),
(2920, 15, 11, 8, 74),
(2921, 16, 11, 1, 71),
(2922, 16, 11, 2, 89),
(2923, 16, 11, 3, 74),
(2924, 16, 11, 4, 74),
(2925, 16, 11, 5, 92),
(2926, 16, 11, 6, 87),
(2927, 16, 11, 7, 96),
(2928, 16, 11, 8, 94),
(2929, 17, 11, 1, 99),
(2930, 17, 11, 2, 81),
(2931, 17, 11, 3, 78),
(2932, 17, 11, 4, 82),
(2933, 17, 11, 5, 73),
(2934, 17, 11, 6, 75),
(2935, 17, 11, 7, 80),
(2936, 17, 11, 8, 94),
(2937, 18, 11, 1, 86),
(2938, 18, 11, 2, 89),
(2939, 18, 11, 3, 91),
(2940, 18, 11, 4, 100),
(2941, 18, 11, 5, 93),
(2942, 18, 11, 6, 97),
(2943, 18, 11, 7, 76),
(2944, 18, 11, 8, 77),
(2945, 19, 11, 1, 91),
(2946, 19, 11, 2, 93),
(2947, 19, 11, 3, 96),
(2948, 19, 11, 4, 97),
(2949, 19, 11, 5, 91),
(2950, 19, 11, 6, 78),
(2951, 19, 11, 7, 85),
(2952, 19, 11, 8, 98),
(2953, 20, 11, 1, 87),
(2954, 20, 11, 2, 85),
(2955, 20, 11, 3, 91),
(2956, 20, 11, 4, 93),
(2957, 20, 11, 5, 92),
(2958, 20, 11, 6, 98),
(2959, 20, 11, 7, 87),
(2960, 20, 11, 8, 92),
(2961, 21, 11, 1, 99),
(2962, 21, 11, 2, 78),
(2963, 21, 11, 3, 94),
(2964, 21, 11, 4, 92),
(2965, 21, 11, 5, 70),
(2966, 21, 11, 6, 84),
(2967, 21, 11, 7, 83),
(2968, 21, 11, 8, 79),
(2969, 22, 11, 1, 99),
(2970, 22, 11, 2, 67),
(2971, 22, 11, 3, 67),
(2972, 22, 11, 4, 79),
(2973, 22, 11, 5, 82),
(2974, 22, 11, 6, 82),
(2975, 22, 11, 7, 87),
(2976, 22, 11, 8, 96),
(2977, 23, 11, 1, 79),
(2978, 23, 11, 2, 98),
(2979, 23, 11, 3, 96),
(2980, 23, 11, 4, 93),
(2981, 23, 11, 5, 69),
(2982, 23, 11, 6, 86),
(2983, 23, 11, 7, 98),
(2984, 23, 11, 8, 95),
(2985, 24, 11, 1, 81),
(2986, 24, 11, 2, 96),
(2987, 24, 11, 3, 78),
(2988, 24, 11, 4, 85),
(2989, 24, 11, 5, 88),
(2990, 24, 11, 6, 74),
(2991, 24, 11, 7, 99),
(2992, 24, 11, 8, 81),
(2993, 25, 11, 1, 93),
(2994, 25, 11, 2, 74),
(2995, 25, 11, 3, 96),
(2996, 25, 11, 4, 92),
(2997, 25, 11, 5, 79),
(2998, 25, 11, 6, 75),
(2999, 25, 11, 7, 89),
(3000, 25, 11, 8, 71),
(3001, 26, 11, 1, 90),
(3002, 26, 11, 2, 95),
(3003, 26, 11, 3, 81),
(3004, 26, 11, 4, 67),
(3005, 26, 11, 5, 100),
(3006, 26, 11, 6, 100),
(3007, 26, 11, 7, 83),
(3008, 26, 11, 8, 71),
(3009, 27, 11, 1, 97),
(3010, 27, 11, 2, 68),
(3011, 27, 11, 3, 83),
(3012, 27, 11, 4, 80),
(3013, 27, 11, 5, 92),
(3014, 27, 11, 6, 76),
(3015, 27, 11, 7, 80),
(3016, 27, 11, 8, 100),
(3017, 28, 11, 1, 86),
(3018, 28, 11, 2, 90),
(3019, 28, 11, 3, 68),
(3020, 28, 11, 4, 84),
(3021, 28, 11, 5, 78),
(3022, 28, 11, 6, 83),
(3023, 28, 11, 7, 97),
(3024, 28, 11, 8, 94),
(3025, 29, 11, 1, 82),
(3026, 29, 11, 2, 70),
(3027, 29, 11, 3, 84),
(3028, 29, 11, 4, 83),
(3029, 29, 11, 5, 99),
(3030, 29, 11, 6, 81),
(3031, 29, 11, 7, 98),
(3032, 29, 11, 8, 72),
(3033, 30, 11, 1, 93),
(3034, 30, 11, 2, 71),
(3035, 30, 11, 3, 98),
(3036, 30, 11, 4, 96),
(3037, 30, 11, 5, 79),
(3038, 30, 11, 6, 83),
(3039, 30, 11, 7, 99),
(3040, 30, 11, 8, 71),
(3041, 31, 11, 1, 74),
(3042, 31, 11, 2, 71),
(3043, 31, 11, 3, 90),
(3044, 31, 11, 4, 92),
(3045, 31, 11, 5, 93),
(3046, 31, 11, 6, 82),
(3047, 31, 11, 7, 100),
(3048, 31, 11, 8, 79),
(3049, 32, 11, 1, 69),
(3050, 32, 11, 2, 99),
(3051, 32, 11, 3, 94),
(3052, 32, 11, 4, 91),
(3053, 32, 11, 5, 96),
(3054, 32, 11, 6, 91),
(3055, 32, 11, 7, 81),
(3056, 32, 11, 8, 97),
(3057, 33, 11, 1, 100),
(3058, 33, 11, 2, 98),
(3059, 33, 11, 3, 93),
(3060, 33, 11, 4, 98),
(3061, 33, 11, 5, 98),
(3062, 33, 11, 6, 70),
(3063, 33, 11, 7, 76),
(3064, 33, 11, 8, 79),
(3065, 34, 11, 1, 73),
(3066, 34, 11, 2, 97),
(3067, 34, 11, 3, 83),
(3068, 34, 11, 4, 98),
(3069, 34, 11, 5, 87),
(3070, 34, 11, 6, 99),
(3071, 34, 11, 7, 68),
(3072, 34, 11, 8, 95),
(3073, 35, 11, 1, 81),
(3074, 35, 11, 2, 73),
(3075, 35, 11, 3, 83),
(3076, 35, 11, 4, 94),
(3077, 35, 11, 5, 71),
(3078, 35, 11, 6, 70),
(3079, 35, 11, 7, 88),
(3080, 35, 11, 8, 98);

-- --------------------------------------------------------

--
-- Struktur dari tabel `uas`
--

CREATE TABLE IF NOT EXISTS `uas` (
`id_uas` int(11) NOT NULL,
  `id_mengajar` int(11) NOT NULL,
  `id_daftar_nilai` int(11) NOT NULL,
  `tulis` int(3) NOT NULL,
  `praktek` int(3) NOT NULL
) ENGINE=InnoDB  DEFAULT CHARSET=latin1 AUTO_INCREMENT=386 ;

--
-- Dumping data untuk tabel `uas`
--

INSERT INTO `uas` (`id_uas`, `id_mengajar`, `id_daftar_nilai`, `tulis`, `praktek`) VALUES
(1, 1, 1, 99, 92),
(2, 2, 1, 79, 87),
(3, 3, 1, 81, 92),
(4, 4, 1, 100, 74),
(5, 5, 1, 80, 81),
(6, 6, 1, 83, 78),
(7, 7, 1, 87, 83),
(8, 8, 1, 87, 92),
(9, 9, 1, 94, 90),
(10, 10, 1, 69, 73),
(11, 11, 1, 92, 93),
(12, 12, 1, 89, 80),
(13, 13, 1, 72, 85),
(14, 14, 1, 71, 71),
(15, 15, 1, 95, 90),
(16, 16, 1, 73, 72),
(17, 17, 1, 84, 100),
(18, 18, 1, 88, 73),
(19, 19, 1, 98, 73),
(20, 20, 1, 73, 100),
(21, 21, 1, 94, 68),
(22, 22, 1, 88, 77),
(23, 23, 1, 99, 76),
(24, 24, 1, 89, 98),
(25, 25, 1, 70, 90),
(26, 26, 1, 69, 85),
(27, 27, 1, 100, 100),
(28, 28, 1, 87, 98),
(29, 29, 1, 78, 98),
(30, 30, 1, 67, 96),
(31, 31, 1, 99, 75),
(32, 32, 1, 67, 68),
(33, 33, 1, 86, 92),
(34, 34, 1, 80, 76),
(35, 35, 1, 97, 71),
(36, 1, 2, 97, 76),
(37, 2, 2, 92, 72),
(38, 3, 2, 76, 93),
(39, 4, 2, 95, 87),
(40, 5, 2, 75, 86),
(41, 6, 2, 97, 73),
(42, 7, 2, 87, 80),
(43, 8, 2, 91, 89),
(44, 9, 2, 69, 99),
(45, 10, 2, 67, 93),
(46, 11, 2, 80, 69),
(47, 12, 2, 86, 77),
(48, 13, 2, 79, 82),
(49, 14, 2, 70, 100),
(50, 15, 2, 90, 96),
(51, 16, 2, 80, 86),
(52, 17, 2, 71, 68),
(53, 18, 2, 73, 93),
(54, 19, 2, 81, 92),
(55, 20, 2, 73, 80),
(56, 21, 2, 78, 91),
(57, 22, 2, 74, 72),
(58, 23, 2, 88, 91),
(59, 24, 2, 99, 95),
(60, 25, 2, 68, 83),
(61, 26, 2, 73, 72),
(62, 27, 2, 77, 94),
(63, 28, 2, 90, 96),
(64, 29, 2, 73, 79),
(65, 30, 2, 72, 92),
(66, 31, 2, 82, 99),
(67, 32, 2, 80, 83),
(68, 33, 2, 95, 78),
(69, 34, 2, 70, 97),
(70, 35, 2, 69, 74),
(71, 1, 3, 69, 91),
(72, 2, 3, 98, 79),
(73, 3, 3, 67, 89),
(74, 4, 3, 72, 86),
(75, 5, 3, 90, 84),
(76, 6, 3, 83, 84),
(77, 7, 3, 96, 68),
(78, 8, 3, 90, 67),
(79, 9, 3, 77, 98),
(80, 10, 3, 85, 93),
(81, 11, 3, 91, 100),
(82, 12, 3, 91, 85),
(83, 13, 3, 96, 98),
(84, 14, 3, 68, 70),
(85, 15, 3, 85, 85),
(86, 16, 3, 74, 73),
(87, 17, 3, 81, 84),
(88, 18, 3, 67, 85),
(89, 19, 3, 77, 89),
(90, 20, 3, 72, 97),
(91, 21, 3, 98, 91),
(92, 22, 3, 82, 68),
(93, 23, 3, 69, 80),
(94, 24, 3, 87, 91),
(95, 25, 3, 81, 83),
(96, 26, 3, 79, 89),
(97, 27, 3, 93, 91),
(98, 28, 3, 83, 88),
(99, 29, 3, 96, 96),
(100, 30, 3, 92, 80),
(101, 31, 3, 82, 89),
(102, 32, 3, 96, 89),
(103, 33, 3, 76, 95),
(104, 34, 3, 87, 73),
(105, 35, 3, 70, 72),
(106, 1, 4, 90, 92),
(107, 2, 4, 90, 80),
(108, 3, 4, 98, 69),
(109, 4, 4, 92, 76),
(110, 5, 4, 100, 99),
(111, 6, 4, 68, 85),
(112, 7, 4, 90, 69),
(113, 8, 4, 78, 100),
(114, 9, 4, 93, 74),
(115, 10, 4, 79, 77),
(116, 11, 4, 99, 72),
(117, 12, 4, 97, 76),
(118, 13, 4, 67, 87),
(119, 14, 4, 89, 89),
(120, 15, 4, 90, 78),
(121, 16, 4, 81, 72),
(122, 17, 4, 91, 70),
(123, 18, 4, 98, 86),
(124, 19, 4, 96, 87),
(125, 20, 4, 98, 89),
(126, 21, 4, 97, 89),
(127, 22, 4, 72, 70),
(128, 23, 4, 85, 100),
(129, 24, 4, 79, 91),
(130, 25, 4, 85, 78),
(131, 26, 4, 78, 75),
(132, 27, 4, 89, 82),
(133, 28, 4, 94, 80),
(134, 29, 4, 89, 69),
(135, 30, 4, 84, 99),
(136, 31, 4, 75, 100),
(137, 32, 4, 74, 89),
(138, 33, 4, 75, 98),
(139, 34, 4, 89, 76),
(140, 35, 4, 78, 88),
(141, 1, 5, 87, 84),
(142, 2, 5, 76, 96),
(143, 3, 5, 93, 72),
(144, 4, 5, 96, 80),
(145, 5, 5, 98, 100),
(146, 6, 5, 94, 98),
(147, 7, 5, 95, 89),
(148, 8, 5, 96, 74),
(149, 9, 5, 75, 67),
(150, 10, 5, 94, 68),
(151, 11, 5, 97, 93),
(152, 12, 5, 78, 72),
(153, 13, 5, 84, 89),
(154, 14, 5, 75, 76),
(155, 15, 5, 97, 82),
(156, 16, 5, 76, 72),
(157, 17, 5, 93, 97),
(158, 18, 5, 73, 87),
(159, 19, 5, 96, 92),
(160, 20, 5, 90, 76),
(161, 21, 5, 100, 91),
(162, 22, 5, 86, 67),
(163, 23, 5, 95, 87),
(164, 24, 5, 86, 84),
(165, 25, 5, 72, 71),
(166, 26, 5, 82, 84),
(167, 27, 5, 92, 69),
(168, 28, 5, 98, 94),
(169, 29, 5, 78, 72),
(170, 30, 5, 93, 70),
(171, 31, 5, 88, 71),
(172, 32, 5, 92, 73),
(173, 33, 5, 82, 93),
(174, 34, 5, 86, 94),
(175, 35, 5, 83, 94),
(176, 1, 6, 68, 90),
(177, 2, 6, 85, 100),
(178, 3, 6, 96, 87),
(179, 4, 6, 77, 68),
(180, 5, 6, 93, 76),
(181, 6, 6, 87, 93),
(182, 7, 6, 87, 83),
(183, 8, 6, 70, 97),
(184, 9, 6, 67, 99),
(185, 10, 6, 88, 72),
(186, 11, 6, 94, 82),
(187, 12, 6, 96, 78),
(188, 13, 6, 91, 91),
(189, 14, 6, 88, 71),
(190, 15, 6, 83, 84),
(191, 16, 6, 87, 79),
(192, 17, 6, 96, 87),
(193, 18, 6, 87, 91),
(194, 19, 6, 88, 90),
(195, 20, 6, 77, 100),
(196, 21, 6, 83, 86),
(197, 22, 6, 84, 97),
(198, 23, 6, 75, 99),
(199, 24, 6, 100, 73),
(200, 25, 6, 87, 87),
(201, 26, 6, 81, 89),
(202, 27, 6, 78, 77),
(203, 28, 6, 88, 67),
(204, 29, 6, 72, 92),
(205, 30, 6, 77, 67),
(206, 31, 6, 96, 92),
(207, 32, 6, 74, 81),
(208, 33, 6, 73, 67),
(209, 34, 6, 71, 99),
(210, 35, 6, 97, 76),
(211, 1, 7, 94, 81),
(212, 2, 7, 91, 78),
(213, 3, 7, 99, 84),
(214, 4, 7, 80, 98),
(215, 5, 7, 78, 67),
(216, 6, 7, 90, 93),
(217, 7, 7, 91, 89),
(218, 8, 7, 78, 88),
(219, 9, 7, 96, 73),
(220, 10, 7, 71, 76),
(221, 11, 7, 83, 80),
(222, 12, 7, 93, 82),
(223, 13, 7, 78, 100),
(224, 14, 7, 68, 97),
(225, 15, 7, 73, 91),
(226, 16, 7, 89, 79),
(227, 17, 7, 93, 79),
(228, 18, 7, 81, 88),
(229, 19, 7, 97, 88),
(230, 20, 7, 68, 80),
(231, 21, 7, 74, 77),
(232, 22, 7, 76, 81),
(233, 23, 7, 85, 72),
(234, 24, 7, 96, 83),
(235, 25, 7, 87, 97),
(236, 26, 7, 86, 77),
(237, 27, 7, 72, 75),
(238, 28, 7, 72, 90),
(239, 29, 7, 99, 68),
(240, 30, 7, 79, 77),
(241, 31, 7, 92, 99),
(242, 32, 7, 98, 99),
(243, 33, 7, 76, 93),
(244, 34, 7, 88, 80),
(245, 35, 7, 77, 75),
(246, 1, 8, 73, 78),
(247, 2, 8, 86, 71),
(248, 3, 8, 78, 86),
(249, 4, 8, 95, 72),
(250, 5, 8, 97, 95),
(251, 6, 8, 95, 69),
(252, 7, 8, 85, 95),
(253, 8, 8, 78, 88),
(254, 9, 8, 69, 80),
(255, 10, 8, 69, 87),
(256, 11, 8, 73, 74),
(257, 12, 8, 94, 91),
(258, 13, 8, 91, 69),
(259, 14, 8, 76, 91),
(260, 15, 8, 78, 89),
(261, 16, 8, 75, 80),
(262, 17, 8, 95, 94),
(263, 18, 8, 82, 82),
(264, 19, 8, 98, 74),
(265, 20, 8, 88, 89),
(266, 21, 8, 80, 89),
(267, 22, 8, 86, 92),
(268, 23, 8, 67, 96),
(269, 24, 8, 67, 84),
(270, 25, 8, 82, 87),
(271, 26, 8, 90, 89),
(272, 27, 8, 85, 88),
(273, 28, 8, 79, 99),
(274, 29, 8, 100, 89),
(275, 30, 8, 92, 72),
(276, 31, 8, 85, 82),
(277, 32, 8, 89, 67),
(278, 33, 8, 100, 93),
(279, 34, 8, 94, 75),
(280, 35, 8, 67, 80),
(281, 1, 9, 75, 100),
(282, 2, 9, 79, 100),
(283, 3, 9, 70, 93),
(284, 4, 9, 81, 97),
(285, 5, 9, 94, 83),
(286, 6, 9, 75, 71),
(287, 7, 9, 73, 97),
(288, 8, 9, 87, 80),
(289, 9, 9, 100, 91),
(290, 10, 9, 75, 83),
(291, 11, 9, 97, 91),
(292, 12, 9, 97, 70),
(293, 13, 9, 91, 89),
(294, 14, 9, 78, 68),
(295, 15, 9, 73, 76),
(296, 16, 9, 76, 67),
(297, 17, 9, 69, 78),
(298, 18, 9, 84, 94),
(299, 19, 9, 70, 86),
(300, 20, 9, 92, 72),
(301, 21, 9, 67, 91),
(302, 22, 9, 93, 94),
(303, 23, 9, 86, 85),
(304, 24, 9, 78, 84),
(305, 25, 9, 85, 94),
(306, 26, 9, 72, 68),
(307, 27, 9, 89, 76),
(308, 28, 9, 100, 70),
(309, 29, 9, 89, 88),
(310, 30, 9, 87, 83),
(311, 31, 9, 77, 90),
(312, 32, 9, 92, 97),
(313, 33, 9, 79, 73),
(314, 34, 9, 72, 71),
(315, 35, 9, 86, 95),
(316, 1, 10, 87, 98),
(317, 2, 10, 90, 82),
(318, 3, 10, 94, 67),
(319, 4, 10, 82, 91),
(320, 5, 10, 85, 72),
(321, 6, 10, 87, 81),
(322, 7, 10, 85, 70),
(323, 8, 10, 97, 77),
(324, 9, 10, 87, 87),
(325, 10, 10, 70, 71),
(326, 11, 10, 80, 81),
(327, 12, 10, 99, 87),
(328, 13, 10, 91, 76),
(329, 14, 10, 73, 85),
(330, 15, 10, 77, 99),
(331, 16, 10, 86, 88),
(332, 17, 10, 99, 73),
(333, 18, 10, 96, 89),
(334, 19, 10, 78, 91),
(335, 20, 10, 94, 79),
(336, 21, 10, 76, 76),
(337, 22, 10, 72, 84),
(338, 23, 10, 82, 89),
(339, 24, 10, 88, 95),
(340, 25, 10, 90, 88),
(341, 26, 10, 68, 70),
(342, 27, 10, 89, 96),
(343, 28, 10, 69, 67),
(344, 29, 10, 73, 72),
(345, 30, 10, 84, 80),
(346, 31, 10, 100, 76),
(347, 32, 10, 69, 98),
(348, 33, 10, 93, 98),
(349, 34, 10, 86, 80),
(350, 35, 10, 79, 97),
(351, 1, 11, 90, 85),
(352, 2, 11, 83, 98),
(353, 3, 11, 74, 71),
(354, 4, 11, 96, 92),
(355, 5, 11, 97, 96),
(356, 6, 11, 76, 71),
(357, 7, 11, 82, 86),
(358, 8, 11, 82, 94),
(359, 9, 11, 90, 98),
(360, 10, 11, 72, 85),
(361, 11, 11, 77, 91),
(362, 12, 11, 71, 70),
(363, 13, 11, 69, 91),
(364, 14, 11, 71, 73),
(365, 15, 11, 92, 88),
(366, 16, 11, 97, 87),
(367, 17, 11, 69, 73),
(368, 18, 11, 73, 68),
(369, 19, 11, 93, 74),
(370, 20, 11, 93, 77),
(371, 21, 11, 88, 81),
(372, 22, 11, 79, 71),
(373, 23, 11, 80, 85),
(374, 24, 11, 91, 75),
(375, 25, 11, 94, 78),
(376, 26, 11, 88, 81),
(377, 27, 11, 88, 86),
(378, 28, 11, 93, 80),
(379, 29, 11, 86, 100),
(380, 30, 11, 100, 99),
(381, 31, 11, 81, 78),
(382, 32, 11, 98, 93),
(383, 33, 11, 98, 79),
(384, 34, 11, 81, 90),
(385, 35, 11, 95, 94);

-- --------------------------------------------------------

--
-- Struktur dari tabel `ulangan_harian`
--

CREATE TABLE IF NOT EXISTS `ulangan_harian` (
`id_ulangan` int(11) NOT NULL,
  `id_mengajar` int(11) NOT NULL,
  `id_daftar_nilai` int(11) NOT NULL,
  `ulangan_ke` int(11) NOT NULL,
  `nilai` int(3) NOT NULL
) ENGINE=InnoDB  DEFAULT CHARSET=latin1 AUTO_INCREMENT=3081 ;

--
-- Dumping data untuk tabel `ulangan_harian`
--

INSERT INTO `ulangan_harian` (`id_ulangan`, `id_mengajar`, `id_daftar_nilai`, `ulangan_ke`, `nilai`) VALUES
(1, 1, 1, 1, 92),
(2, 1, 1, 2, 99),
(3, 1, 1, 3, 81),
(4, 1, 1, 4, 88),
(5, 1, 1, 5, 67),
(6, 1, 1, 6, 92),
(7, 1, 1, 7, 96),
(8, 1, 1, 8, 100),
(9, 2, 1, 1, 83),
(10, 2, 1, 2, 77),
(11, 2, 1, 3, 67),
(12, 2, 1, 4, 79),
(13, 2, 1, 5, 86),
(14, 2, 1, 6, 67),
(15, 2, 1, 7, 100),
(16, 2, 1, 8, 89),
(17, 3, 1, 1, 95),
(18, 3, 1, 2, 97),
(19, 3, 1, 3, 78),
(20, 3, 1, 4, 68),
(21, 3, 1, 5, 99),
(22, 3, 1, 6, 78),
(23, 3, 1, 7, 97),
(24, 3, 1, 8, 97),
(25, 4, 1, 1, 96),
(26, 4, 1, 2, 97),
(27, 4, 1, 3, 78),
(28, 4, 1, 4, 88),
(29, 4, 1, 5, 93),
(30, 4, 1, 6, 81),
(31, 4, 1, 7, 96),
(32, 4, 1, 8, 70),
(33, 5, 1, 1, 73),
(34, 5, 1, 2, 68),
(35, 5, 1, 3, 76),
(36, 5, 1, 4, 87),
(37, 5, 1, 5, 70),
(38, 5, 1, 6, 84),
(39, 5, 1, 7, 93),
(40, 5, 1, 8, 77),
(41, 6, 1, 1, 98),
(42, 6, 1, 2, 85),
(43, 6, 1, 3, 67),
(44, 6, 1, 4, 97),
(45, 6, 1, 5, 84),
(46, 6, 1, 6, 77),
(47, 6, 1, 7, 100),
(48, 6, 1, 8, 99),
(49, 7, 1, 1, 88),
(50, 7, 1, 2, 72),
(51, 7, 1, 3, 98),
(52, 7, 1, 4, 68),
(53, 7, 1, 5, 72),
(54, 7, 1, 6, 68),
(55, 7, 1, 7, 77),
(56, 7, 1, 8, 67),
(57, 8, 1, 1, 80),
(58, 8, 1, 2, 68),
(59, 8, 1, 3, 95),
(60, 8, 1, 4, 99),
(61, 8, 1, 5, 86),
(62, 8, 1, 6, 80),
(63, 8, 1, 7, 69),
(64, 8, 1, 8, 99),
(65, 9, 1, 1, 96),
(66, 9, 1, 2, 100),
(67, 9, 1, 3, 69),
(68, 9, 1, 4, 71),
(69, 9, 1, 5, 97),
(70, 9, 1, 6, 88),
(71, 9, 1, 7, 72),
(72, 9, 1, 8, 91),
(73, 10, 1, 1, 69),
(74, 10, 1, 2, 71),
(75, 10, 1, 3, 84),
(76, 10, 1, 4, 85),
(77, 10, 1, 5, 90),
(78, 10, 1, 6, 82),
(79, 10, 1, 7, 98),
(80, 10, 1, 8, 95),
(81, 11, 1, 1, 88),
(82, 11, 1, 2, 76),
(83, 11, 1, 3, 83),
(84, 11, 1, 4, 88),
(85, 11, 1, 5, 69),
(86, 11, 1, 6, 69),
(87, 11, 1, 7, 72),
(88, 11, 1, 8, 74),
(89, 12, 1, 1, 89),
(90, 12, 1, 2, 86),
(91, 12, 1, 3, 94),
(92, 12, 1, 4, 80),
(93, 12, 1, 5, 88),
(94, 12, 1, 6, 74),
(95, 12, 1, 7, 76),
(96, 12, 1, 8, 79),
(97, 13, 1, 1, 91),
(98, 13, 1, 2, 93),
(99, 13, 1, 3, 96),
(100, 13, 1, 4, 76),
(101, 13, 1, 5, 81),
(102, 13, 1, 6, 70),
(103, 13, 1, 7, 68),
(104, 13, 1, 8, 74),
(105, 14, 1, 1, 98),
(106, 14, 1, 2, 69),
(107, 14, 1, 3, 82),
(108, 14, 1, 4, 76),
(109, 14, 1, 5, 70),
(110, 14, 1, 6, 82),
(111, 14, 1, 7, 95),
(112, 14, 1, 8, 77),
(113, 15, 1, 1, 96),
(114, 15, 1, 2, 74),
(115, 15, 1, 3, 100),
(116, 15, 1, 4, 94),
(117, 15, 1, 5, 91),
(118, 15, 1, 6, 82),
(119, 15, 1, 7, 84),
(120, 15, 1, 8, 84),
(121, 16, 1, 1, 88),
(122, 16, 1, 2, 81),
(123, 16, 1, 3, 75),
(124, 16, 1, 4, 98),
(125, 16, 1, 5, 96),
(126, 16, 1, 6, 96),
(127, 16, 1, 7, 81),
(128, 16, 1, 8, 79),
(129, 17, 1, 1, 95),
(130, 17, 1, 2, 80),
(131, 17, 1, 3, 87),
(132, 17, 1, 4, 67),
(133, 17, 1, 5, 89),
(134, 17, 1, 6, 98),
(135, 17, 1, 7, 79),
(136, 17, 1, 8, 95),
(137, 18, 1, 1, 84),
(138, 18, 1, 2, 79),
(139, 18, 1, 3, 97),
(140, 18, 1, 4, 69),
(141, 18, 1, 5, 90),
(142, 18, 1, 6, 76),
(143, 18, 1, 7, 91),
(144, 18, 1, 8, 79),
(145, 19, 1, 1, 78),
(146, 19, 1, 2, 67),
(147, 19, 1, 3, 82),
(148, 19, 1, 4, 87),
(149, 19, 1, 5, 69),
(150, 19, 1, 6, 73),
(151, 19, 1, 7, 78),
(152, 19, 1, 8, 98),
(153, 20, 1, 1, 78),
(154, 20, 1, 2, 88),
(155, 20, 1, 3, 72),
(156, 20, 1, 4, 85),
(157, 20, 1, 5, 78),
(158, 20, 1, 6, 80),
(159, 20, 1, 7, 85),
(160, 20, 1, 8, 100),
(161, 21, 1, 1, 71),
(162, 21, 1, 2, 96),
(163, 21, 1, 3, 77),
(164, 21, 1, 4, 78),
(165, 21, 1, 5, 88),
(166, 21, 1, 6, 69),
(167, 21, 1, 7, 73),
(168, 21, 1, 8, 85),
(169, 22, 1, 1, 95),
(170, 22, 1, 2, 100),
(171, 22, 1, 3, 93),
(172, 22, 1, 4, 67),
(173, 22, 1, 5, 85),
(174, 22, 1, 6, 99),
(175, 22, 1, 7, 87),
(176, 22, 1, 8, 67),
(177, 23, 1, 1, 67),
(178, 23, 1, 2, 89),
(179, 23, 1, 3, 98),
(180, 23, 1, 4, 100),
(181, 23, 1, 5, 71),
(182, 23, 1, 6, 76),
(183, 23, 1, 7, 88),
(184, 23, 1, 8, 81),
(185, 24, 1, 1, 92),
(186, 24, 1, 2, 72),
(187, 24, 1, 3, 85),
(188, 24, 1, 4, 75),
(189, 24, 1, 5, 67),
(190, 24, 1, 6, 91),
(191, 24, 1, 7, 88),
(192, 24, 1, 8, 73),
(193, 25, 1, 1, 89),
(194, 25, 1, 2, 73),
(195, 25, 1, 3, 67),
(196, 25, 1, 4, 75),
(197, 25, 1, 5, 77),
(198, 25, 1, 6, 86),
(199, 25, 1, 7, 82),
(200, 25, 1, 8, 77),
(201, 26, 1, 1, 96),
(202, 26, 1, 2, 98),
(203, 26, 1, 3, 72),
(204, 26, 1, 4, 67),
(205, 26, 1, 5, 86),
(206, 26, 1, 6, 83),
(207, 26, 1, 7, 81),
(208, 26, 1, 8, 76),
(209, 27, 1, 1, 97),
(210, 27, 1, 2, 72),
(211, 27, 1, 3, 78),
(212, 27, 1, 4, 99),
(213, 27, 1, 5, 98),
(214, 27, 1, 6, 90),
(215, 27, 1, 7, 80),
(216, 27, 1, 8, 100),
(217, 28, 1, 1, 97),
(218, 28, 1, 2, 68),
(219, 28, 1, 3, 80),
(220, 28, 1, 4, 68),
(221, 28, 1, 5, 98),
(222, 28, 1, 6, 98),
(223, 28, 1, 7, 90),
(224, 28, 1, 8, 100),
(225, 29, 1, 1, 81),
(226, 29, 1, 2, 78),
(227, 29, 1, 3, 89),
(228, 29, 1, 4, 93),
(229, 29, 1, 5, 91),
(230, 29, 1, 6, 80),
(231, 29, 1, 7, 73),
(232, 29, 1, 8, 73),
(233, 30, 1, 1, 87),
(234, 30, 1, 2, 75),
(235, 30, 1, 3, 100),
(236, 30, 1, 4, 70),
(237, 30, 1, 5, 95),
(238, 30, 1, 6, 95),
(239, 30, 1, 7, 74),
(240, 30, 1, 8, 70),
(241, 31, 1, 1, 67),
(242, 31, 1, 2, 83),
(243, 31, 1, 3, 91),
(244, 31, 1, 4, 84),
(245, 31, 1, 5, 81),
(246, 31, 1, 6, 82),
(247, 31, 1, 7, 87),
(248, 31, 1, 8, 90),
(249, 32, 1, 1, 92),
(250, 32, 1, 2, 76),
(251, 32, 1, 3, 91),
(252, 32, 1, 4, 99),
(253, 32, 1, 5, 69),
(254, 32, 1, 6, 99),
(255, 32, 1, 7, 91),
(256, 32, 1, 8, 79),
(257, 33, 1, 1, 80),
(258, 33, 1, 2, 78),
(259, 33, 1, 3, 76),
(260, 33, 1, 4, 97),
(261, 33, 1, 5, 95),
(262, 33, 1, 6, 86),
(263, 33, 1, 7, 80),
(264, 33, 1, 8, 73),
(265, 34, 1, 1, 69),
(266, 34, 1, 2, 97),
(267, 34, 1, 3, 76),
(268, 34, 1, 4, 77),
(269, 34, 1, 5, 78),
(270, 34, 1, 6, 68),
(271, 34, 1, 7, 100),
(272, 34, 1, 8, 85),
(273, 35, 1, 1, 78),
(274, 35, 1, 2, 89),
(275, 35, 1, 3, 69),
(276, 35, 1, 4, 89),
(277, 35, 1, 5, 89),
(278, 35, 1, 6, 85),
(279, 35, 1, 7, 77),
(280, 35, 1, 8, 82),
(281, 1, 2, 1, 77),
(282, 1, 2, 2, 96),
(283, 1, 2, 3, 83),
(284, 1, 2, 4, 98),
(285, 1, 2, 5, 80),
(286, 1, 2, 6, 95),
(287, 1, 2, 7, 91),
(288, 1, 2, 8, 79),
(289, 2, 2, 1, 86),
(290, 2, 2, 2, 73),
(291, 2, 2, 3, 96),
(292, 2, 2, 4, 87),
(293, 2, 2, 5, 89),
(294, 2, 2, 6, 70),
(295, 2, 2, 7, 69),
(296, 2, 2, 8, 75),
(297, 3, 2, 1, 75),
(298, 3, 2, 2, 97),
(299, 3, 2, 3, 69),
(300, 3, 2, 4, 87),
(301, 3, 2, 5, 68),
(302, 3, 2, 6, 70),
(303, 3, 2, 7, 91),
(304, 3, 2, 8, 86),
(305, 4, 2, 1, 97),
(306, 4, 2, 2, 90),
(307, 4, 2, 3, 80),
(308, 4, 2, 4, 81),
(309, 4, 2, 5, 87),
(310, 4, 2, 6, 67),
(311, 4, 2, 7, 82),
(312, 4, 2, 8, 77),
(313, 5, 2, 1, 87),
(314, 5, 2, 2, 93),
(315, 5, 2, 3, 92),
(316, 5, 2, 4, 67),
(317, 5, 2, 5, 100),
(318, 5, 2, 6, 85),
(319, 5, 2, 7, 90),
(320, 5, 2, 8, 98),
(321, 6, 2, 1, 100),
(322, 6, 2, 2, 97),
(323, 6, 2, 3, 81),
(324, 6, 2, 4, 97),
(325, 6, 2, 5, 74),
(326, 6, 2, 6, 100),
(327, 6, 2, 7, 74),
(328, 6, 2, 8, 80),
(329, 7, 2, 1, 71),
(330, 7, 2, 2, 74),
(331, 7, 2, 3, 77),
(332, 7, 2, 4, 100),
(333, 7, 2, 5, 99),
(334, 7, 2, 6, 100),
(335, 7, 2, 7, 80),
(336, 7, 2, 8, 73),
(337, 8, 2, 1, 89),
(338, 8, 2, 2, 85),
(339, 8, 2, 3, 90),
(340, 8, 2, 4, 92),
(341, 8, 2, 5, 76),
(342, 8, 2, 6, 94),
(343, 8, 2, 7, 70),
(344, 8, 2, 8, 76),
(345, 9, 2, 1, 87),
(346, 9, 2, 2, 68),
(347, 9, 2, 3, 83),
(348, 9, 2, 4, 73),
(349, 9, 2, 5, 92),
(350, 9, 2, 6, 71),
(351, 9, 2, 7, 88),
(352, 9, 2, 8, 70),
(353, 10, 2, 1, 88),
(354, 10, 2, 2, 81),
(355, 10, 2, 3, 99),
(356, 10, 2, 4, 93),
(357, 10, 2, 5, 84),
(358, 10, 2, 6, 73),
(359, 10, 2, 7, 95),
(360, 10, 2, 8, 89),
(361, 11, 2, 1, 92),
(362, 11, 2, 2, 98),
(363, 11, 2, 3, 67),
(364, 11, 2, 4, 82),
(365, 11, 2, 5, 70),
(366, 11, 2, 6, 91),
(367, 11, 2, 7, 69),
(368, 11, 2, 8, 81),
(369, 12, 2, 1, 88),
(370, 12, 2, 2, 75),
(371, 12, 2, 3, 99),
(372, 12, 2, 4, 90),
(373, 12, 2, 5, 89),
(374, 12, 2, 6, 98),
(375, 12, 2, 7, 73),
(376, 12, 2, 8, 78),
(377, 13, 2, 1, 78),
(378, 13, 2, 2, 88),
(379, 13, 2, 3, 89),
(380, 13, 2, 4, 83),
(381, 13, 2, 5, 92),
(382, 13, 2, 6, 85),
(383, 13, 2, 7, 84),
(384, 13, 2, 8, 96),
(385, 14, 2, 1, 82),
(386, 14, 2, 2, 94),
(387, 14, 2, 3, 82),
(388, 14, 2, 4, 75),
(389, 14, 2, 5, 83),
(390, 14, 2, 6, 92),
(391, 14, 2, 7, 98),
(392, 14, 2, 8, 67),
(393, 15, 2, 1, 70),
(394, 15, 2, 2, 99),
(395, 15, 2, 3, 73),
(396, 15, 2, 4, 67),
(397, 15, 2, 5, 82),
(398, 15, 2, 6, 77),
(399, 15, 2, 7, 91),
(400, 15, 2, 8, 74),
(401, 16, 2, 1, 95),
(402, 16, 2, 2, 94),
(403, 16, 2, 3, 73),
(404, 16, 2, 4, 74),
(405, 16, 2, 5, 92),
(406, 16, 2, 6, 80),
(407, 16, 2, 7, 92),
(408, 16, 2, 8, 83),
(409, 17, 2, 1, 93),
(410, 17, 2, 2, 86),
(411, 17, 2, 3, 78),
(412, 17, 2, 4, 95),
(413, 17, 2, 5, 100),
(414, 17, 2, 6, 93),
(415, 17, 2, 7, 80),
(416, 17, 2, 8, 74),
(417, 18, 2, 1, 84),
(418, 18, 2, 2, 67),
(419, 18, 2, 3, 98),
(420, 18, 2, 4, 78),
(421, 18, 2, 5, 74),
(422, 18, 2, 6, 89),
(423, 18, 2, 7, 82),
(424, 18, 2, 8, 82),
(425, 19, 2, 1, 72),
(426, 19, 2, 2, 77),
(427, 19, 2, 3, 95),
(428, 19, 2, 4, 90),
(429, 19, 2, 5, 68),
(430, 19, 2, 6, 91),
(431, 19, 2, 7, 77),
(432, 19, 2, 8, 88),
(433, 20, 2, 1, 76),
(434, 20, 2, 2, 73),
(435, 20, 2, 3, 80),
(436, 20, 2, 4, 78),
(437, 20, 2, 5, 86),
(438, 20, 2, 6, 74),
(439, 20, 2, 7, 94),
(440, 20, 2, 8, 91),
(441, 21, 2, 1, 99),
(442, 21, 2, 2, 96),
(443, 21, 2, 3, 82),
(444, 21, 2, 4, 77),
(445, 21, 2, 5, 81),
(446, 21, 2, 6, 97),
(447, 21, 2, 7, 75),
(448, 21, 2, 8, 73),
(449, 22, 2, 1, 94),
(450, 22, 2, 2, 69),
(451, 22, 2, 3, 79),
(452, 22, 2, 4, 67),
(453, 22, 2, 5, 88),
(454, 22, 2, 6, 97),
(455, 22, 2, 7, 83),
(456, 22, 2, 8, 67),
(457, 23, 2, 1, 98),
(458, 23, 2, 2, 68),
(459, 23, 2, 3, 99),
(460, 23, 2, 4, 82),
(461, 23, 2, 5, 95),
(462, 23, 2, 6, 100),
(463, 23, 2, 7, 97),
(464, 23, 2, 8, 88),
(465, 24, 2, 1, 97),
(466, 24, 2, 2, 81),
(467, 24, 2, 3, 86),
(468, 24, 2, 4, 69),
(469, 24, 2, 5, 71),
(470, 24, 2, 6, 80),
(471, 24, 2, 7, 77),
(472, 24, 2, 8, 68),
(473, 25, 2, 1, 95),
(474, 25, 2, 2, 84),
(475, 25, 2, 3, 69),
(476, 25, 2, 4, 96),
(477, 25, 2, 5, 69),
(478, 25, 2, 6, 95),
(479, 25, 2, 7, 68),
(480, 25, 2, 8, 91),
(481, 26, 2, 1, 77),
(482, 26, 2, 2, 100),
(483, 26, 2, 3, 93),
(484, 26, 2, 4, 76),
(485, 26, 2, 5, 93),
(486, 26, 2, 6, 83),
(487, 26, 2, 7, 100),
(488, 26, 2, 8, 88),
(489, 27, 2, 1, 81),
(490, 27, 2, 2, 70),
(491, 27, 2, 3, 85),
(492, 27, 2, 4, 76),
(493, 27, 2, 5, 96),
(494, 27, 2, 6, 70),
(495, 27, 2, 7, 82),
(496, 27, 2, 8, 74),
(497, 28, 2, 1, 93),
(498, 28, 2, 2, 84),
(499, 28, 2, 3, 91),
(500, 28, 2, 4, 79),
(501, 28, 2, 5, 80),
(502, 28, 2, 6, 98),
(503, 28, 2, 7, 76),
(504, 28, 2, 8, 83),
(505, 29, 2, 1, 81),
(506, 29, 2, 2, 83),
(507, 29, 2, 3, 71),
(508, 29, 2, 4, 84),
(509, 29, 2, 5, 99),
(510, 29, 2, 6, 87),
(511, 29, 2, 7, 95),
(512, 29, 2, 8, 96),
(513, 30, 2, 1, 68),
(514, 30, 2, 2, 92),
(515, 30, 2, 3, 71),
(516, 30, 2, 4, 71),
(517, 30, 2, 5, 89),
(518, 30, 2, 6, 81),
(519, 30, 2, 7, 98),
(520, 30, 2, 8, 79),
(521, 31, 2, 1, 88),
(522, 31, 2, 2, 83),
(523, 31, 2, 3, 86),
(524, 31, 2, 4, 75),
(525, 31, 2, 5, 70),
(526, 31, 2, 6, 69),
(527, 31, 2, 7, 99),
(528, 31, 2, 8, 81),
(529, 32, 2, 1, 95),
(530, 32, 2, 2, 82),
(531, 32, 2, 3, 94),
(532, 32, 2, 4, 76),
(533, 32, 2, 5, 79),
(534, 32, 2, 6, 93),
(535, 32, 2, 7, 91),
(536, 32, 2, 8, 67),
(537, 33, 2, 1, 92),
(538, 33, 2, 2, 94),
(539, 33, 2, 3, 89),
(540, 33, 2, 4, 75),
(541, 33, 2, 5, 68),
(542, 33, 2, 6, 75),
(543, 33, 2, 7, 86),
(544, 33, 2, 8, 87),
(545, 34, 2, 1, 100),
(546, 34, 2, 2, 78),
(547, 34, 2, 3, 83),
(548, 34, 2, 4, 86),
(549, 34, 2, 5, 75),
(550, 34, 2, 6, 90),
(551, 34, 2, 7, 79),
(552, 34, 2, 8, 73),
(553, 35, 2, 1, 86),
(554, 35, 2, 2, 75),
(555, 35, 2, 3, 70),
(556, 35, 2, 4, 76),
(557, 35, 2, 5, 85),
(558, 35, 2, 6, 96),
(559, 35, 2, 7, 81),
(560, 35, 2, 8, 73),
(561, 1, 3, 1, 72),
(562, 1, 3, 2, 74),
(563, 1, 3, 3, 97),
(564, 1, 3, 4, 93),
(565, 1, 3, 5, 68),
(566, 1, 3, 6, 99),
(567, 1, 3, 7, 88),
(568, 1, 3, 8, 88),
(569, 2, 3, 1, 94),
(570, 2, 3, 2, 83),
(571, 2, 3, 3, 89),
(572, 2, 3, 4, 69),
(573, 2, 3, 5, 79),
(574, 2, 3, 6, 91),
(575, 2, 3, 7, 76),
(576, 2, 3, 8, 98),
(577, 3, 3, 1, 71),
(578, 3, 3, 2, 93),
(579, 3, 3, 3, 93),
(580, 3, 3, 4, 88),
(581, 3, 3, 5, 85),
(582, 3, 3, 6, 77),
(583, 3, 3, 7, 75),
(584, 3, 3, 8, 70),
(585, 4, 3, 1, 74),
(586, 4, 3, 2, 78),
(587, 4, 3, 3, 70),
(588, 4, 3, 4, 80),
(589, 4, 3, 5, 74),
(590, 4, 3, 6, 84),
(591, 4, 3, 7, 97),
(592, 4, 3, 8, 86),
(593, 5, 3, 1, 89),
(594, 5, 3, 2, 94),
(595, 5, 3, 3, 98),
(596, 5, 3, 4, 96),
(597, 5, 3, 5, 83),
(598, 5, 3, 6, 84),
(599, 5, 3, 7, 67),
(600, 5, 3, 8, 78),
(601, 6, 3, 1, 86),
(602, 6, 3, 2, 83),
(603, 6, 3, 3, 71),
(604, 6, 3, 4, 67),
(605, 6, 3, 5, 97),
(606, 6, 3, 6, 67),
(607, 6, 3, 7, 100),
(608, 6, 3, 8, 96),
(609, 7, 3, 1, 84),
(610, 7, 3, 2, 69),
(611, 7, 3, 3, 69),
(612, 7, 3, 4, 76),
(613, 7, 3, 5, 86),
(614, 7, 3, 6, 76),
(615, 7, 3, 7, 88),
(616, 7, 3, 8, 70),
(617, 8, 3, 1, 86),
(618, 8, 3, 2, 92),
(619, 8, 3, 3, 85),
(620, 8, 3, 4, 88),
(621, 8, 3, 5, 70),
(622, 8, 3, 6, 67),
(623, 8, 3, 7, 77),
(624, 8, 3, 8, 85),
(625, 9, 3, 1, 80),
(626, 9, 3, 2, 76),
(627, 9, 3, 3, 99),
(628, 9, 3, 4, 86),
(629, 9, 3, 5, 87),
(630, 9, 3, 6, 80),
(631, 9, 3, 7, 96),
(632, 9, 3, 8, 71),
(633, 10, 3, 1, 68),
(634, 10, 3, 2, 96),
(635, 10, 3, 3, 69),
(636, 10, 3, 4, 68),
(637, 10, 3, 5, 88),
(638, 10, 3, 6, 73),
(639, 10, 3, 7, 88),
(640, 10, 3, 8, 79),
(641, 11, 3, 1, 70),
(642, 11, 3, 2, 73),
(643, 11, 3, 3, 77),
(644, 11, 3, 4, 84),
(645, 11, 3, 5, 77),
(646, 11, 3, 6, 87),
(647, 11, 3, 7, 82),
(648, 11, 3, 8, 73),
(649, 12, 3, 1, 89),
(650, 12, 3, 2, 85),
(651, 12, 3, 3, 83),
(652, 12, 3, 4, 99),
(653, 12, 3, 5, 74),
(654, 12, 3, 6, 78),
(655, 12, 3, 7, 90),
(656, 12, 3, 8, 70),
(657, 13, 3, 1, 79),
(658, 13, 3, 2, 86),
(659, 13, 3, 3, 98),
(660, 13, 3, 4, 95),
(661, 13, 3, 5, 82),
(662, 13, 3, 6, 88),
(663, 13, 3, 7, 73),
(664, 13, 3, 8, 68),
(665, 14, 3, 1, 75),
(666, 14, 3, 2, 85),
(667, 14, 3, 3, 83),
(668, 14, 3, 4, 72),
(669, 14, 3, 5, 87),
(670, 14, 3, 6, 73),
(671, 14, 3, 7, 75),
(672, 14, 3, 8, 83),
(673, 15, 3, 1, 98),
(674, 15, 3, 2, 72),
(675, 15, 3, 3, 85),
(676, 15, 3, 4, 78),
(677, 15, 3, 5, 93),
(678, 15, 3, 6, 75),
(679, 15, 3, 7, 92),
(680, 15, 3, 8, 80),
(681, 16, 3, 1, 83),
(682, 16, 3, 2, 89),
(683, 16, 3, 3, 96),
(684, 16, 3, 4, 79),
(685, 16, 3, 5, 85),
(686, 16, 3, 6, 84),
(687, 16, 3, 7, 68),
(688, 16, 3, 8, 75),
(689, 17, 3, 1, 84),
(690, 17, 3, 2, 91),
(691, 17, 3, 3, 96),
(692, 17, 3, 4, 91),
(693, 17, 3, 5, 68),
(694, 17, 3, 6, 73),
(695, 17, 3, 7, 99),
(696, 17, 3, 8, 68),
(697, 18, 3, 1, 72),
(698, 18, 3, 2, 87),
(699, 18, 3, 3, 79),
(700, 18, 3, 4, 79),
(701, 18, 3, 5, 94),
(702, 18, 3, 6, 68),
(703, 18, 3, 7, 95),
(704, 18, 3, 8, 73),
(705, 19, 3, 1, 99),
(706, 19, 3, 2, 100),
(707, 19, 3, 3, 91),
(708, 19, 3, 4, 92),
(709, 19, 3, 5, 99),
(710, 19, 3, 6, 75),
(711, 19, 3, 7, 85),
(712, 19, 3, 8, 90),
(713, 20, 3, 1, 67),
(714, 20, 3, 2, 71),
(715, 20, 3, 3, 92),
(716, 20, 3, 4, 96),
(717, 20, 3, 5, 70),
(718, 20, 3, 6, 84),
(719, 20, 3, 7, 79),
(720, 20, 3, 8, 67),
(721, 21, 3, 1, 98),
(722, 21, 3, 2, 91),
(723, 21, 3, 3, 94),
(724, 21, 3, 4, 73),
(725, 21, 3, 5, 77),
(726, 21, 3, 6, 70),
(727, 21, 3, 7, 74),
(728, 21, 3, 8, 70),
(729, 22, 3, 1, 93),
(730, 22, 3, 2, 100),
(731, 22, 3, 3, 91),
(732, 22, 3, 4, 89),
(733, 22, 3, 5, 74),
(734, 22, 3, 6, 91),
(735, 22, 3, 7, 80),
(736, 22, 3, 8, 83),
(737, 23, 3, 1, 73),
(738, 23, 3, 2, 88),
(739, 23, 3, 3, 96),
(740, 23, 3, 4, 93),
(741, 23, 3, 5, 96),
(742, 23, 3, 6, 86),
(743, 23, 3, 7, 93),
(744, 23, 3, 8, 69),
(745, 24, 3, 1, 75),
(746, 24, 3, 2, 98),
(747, 24, 3, 3, 69),
(748, 24, 3, 4, 83),
(749, 24, 3, 5, 96),
(750, 24, 3, 6, 80),
(751, 24, 3, 7, 89),
(752, 24, 3, 8, 78),
(753, 25, 3, 1, 85),
(754, 25, 3, 2, 85),
(755, 25, 3, 3, 90),
(756, 25, 3, 4, 75),
(757, 25, 3, 5, 78),
(758, 25, 3, 6, 79),
(759, 25, 3, 7, 99),
(760, 25, 3, 8, 77),
(761, 26, 3, 1, 71),
(762, 26, 3, 2, 91),
(763, 26, 3, 3, 85),
(764, 26, 3, 4, 69),
(765, 26, 3, 5, 95),
(766, 26, 3, 6, 75),
(767, 26, 3, 7, 98),
(768, 26, 3, 8, 79),
(769, 27, 3, 1, 89),
(770, 27, 3, 2, 72),
(771, 27, 3, 3, 100),
(772, 27, 3, 4, 79),
(773, 27, 3, 5, 83),
(774, 27, 3, 6, 75),
(775, 27, 3, 7, 83),
(776, 27, 3, 8, 85),
(777, 28, 3, 1, 74),
(778, 28, 3, 2, 69),
(779, 28, 3, 3, 96),
(780, 28, 3, 4, 72),
(781, 28, 3, 5, 96),
(782, 28, 3, 6, 70),
(783, 28, 3, 7, 98),
(784, 28, 3, 8, 76),
(785, 29, 3, 1, 79),
(786, 29, 3, 2, 74),
(787, 29, 3, 3, 85),
(788, 29, 3, 4, 97),
(789, 29, 3, 5, 69),
(790, 29, 3, 6, 100),
(791, 29, 3, 7, 71),
(792, 29, 3, 8, 86),
(793, 30, 3, 1, 74),
(794, 30, 3, 2, 93),
(795, 30, 3, 3, 95),
(796, 30, 3, 4, 85),
(797, 30, 3, 5, 90),
(798, 30, 3, 6, 88),
(799, 30, 3, 7, 81),
(800, 30, 3, 8, 96),
(801, 31, 3, 1, 79),
(802, 31, 3, 2, 83),
(803, 31, 3, 3, 69),
(804, 31, 3, 4, 86),
(805, 31, 3, 5, 94),
(806, 31, 3, 6, 76),
(807, 31, 3, 7, 89),
(808, 31, 3, 8, 70),
(809, 32, 3, 1, 97),
(810, 32, 3, 2, 86),
(811, 32, 3, 3, 72),
(812, 32, 3, 4, 99),
(813, 32, 3, 5, 69),
(814, 32, 3, 6, 88),
(815, 32, 3, 7, 72),
(816, 32, 3, 8, 94),
(817, 33, 3, 1, 80),
(818, 33, 3, 2, 92),
(819, 33, 3, 3, 79),
(820, 33, 3, 4, 72),
(821, 33, 3, 5, 84),
(822, 33, 3, 6, 98),
(823, 33, 3, 7, 94),
(824, 33, 3, 8, 98),
(825, 34, 3, 1, 67),
(826, 34, 3, 2, 73),
(827, 34, 3, 3, 86),
(828, 34, 3, 4, 71),
(829, 34, 3, 5, 92),
(830, 34, 3, 6, 96),
(831, 34, 3, 7, 97),
(832, 34, 3, 8, 98),
(833, 35, 3, 1, 76),
(834, 35, 3, 2, 90),
(835, 35, 3, 3, 71),
(836, 35, 3, 4, 79),
(837, 35, 3, 5, 96),
(838, 35, 3, 6, 89),
(839, 35, 3, 7, 77),
(840, 35, 3, 8, 93),
(841, 1, 4, 1, 76),
(842, 1, 4, 2, 81),
(843, 1, 4, 3, 97),
(844, 1, 4, 4, 95),
(845, 1, 4, 5, 83),
(846, 1, 4, 6, 68),
(847, 1, 4, 7, 79),
(848, 1, 4, 8, 99),
(849, 2, 4, 1, 89),
(850, 2, 4, 2, 70),
(851, 2, 4, 3, 72),
(852, 2, 4, 4, 100),
(853, 2, 4, 5, 89),
(854, 2, 4, 6, 74),
(855, 2, 4, 7, 98),
(856, 2, 4, 8, 80),
(857, 3, 4, 1, 84),
(858, 3, 4, 2, 99),
(859, 3, 4, 3, 94),
(860, 3, 4, 4, 94),
(861, 3, 4, 5, 67),
(862, 3, 4, 6, 98),
(863, 3, 4, 7, 78),
(864, 3, 4, 8, 87),
(865, 4, 4, 1, 80),
(866, 4, 4, 2, 91),
(867, 4, 4, 3, 72),
(868, 4, 4, 4, 93),
(869, 4, 4, 5, 89),
(870, 4, 4, 6, 79),
(871, 4, 4, 7, 81),
(872, 4, 4, 8, 85),
(873, 5, 4, 1, 80),
(874, 5, 4, 2, 87),
(875, 5, 4, 3, 70),
(876, 5, 4, 4, 94),
(877, 5, 4, 5, 71),
(878, 5, 4, 6, 76),
(879, 5, 4, 7, 85),
(880, 5, 4, 8, 89),
(881, 6, 4, 1, 72),
(882, 6, 4, 2, 77),
(883, 6, 4, 3, 98),
(884, 6, 4, 4, 81),
(885, 6, 4, 5, 85),
(886, 6, 4, 6, 96),
(887, 6, 4, 7, 84),
(888, 6, 4, 8, 99),
(889, 7, 4, 1, 92),
(890, 7, 4, 2, 69),
(891, 7, 4, 3, 84),
(892, 7, 4, 4, 87),
(893, 7, 4, 5, 85),
(894, 7, 4, 6, 95),
(895, 7, 4, 7, 92),
(896, 7, 4, 8, 96),
(897, 8, 4, 1, 92),
(898, 8, 4, 2, 87),
(899, 8, 4, 3, 72),
(900, 8, 4, 4, 92),
(901, 8, 4, 5, 71),
(902, 8, 4, 6, 81),
(903, 8, 4, 7, 67),
(904, 8, 4, 8, 80),
(905, 9, 4, 1, 75),
(906, 9, 4, 2, 71),
(907, 9, 4, 3, 93),
(908, 9, 4, 4, 97),
(909, 9, 4, 5, 100),
(910, 9, 4, 6, 79),
(911, 9, 4, 7, 89),
(912, 9, 4, 8, 100),
(913, 10, 4, 1, 96),
(914, 10, 4, 2, 79),
(915, 10, 4, 3, 89),
(916, 10, 4, 4, 82),
(917, 10, 4, 5, 72),
(918, 10, 4, 6, 95),
(919, 10, 4, 7, 87),
(920, 10, 4, 8, 87),
(921, 11, 4, 1, 90),
(922, 11, 4, 2, 84),
(923, 11, 4, 3, 89),
(924, 11, 4, 4, 82),
(925, 11, 4, 5, 75),
(926, 11, 4, 6, 87),
(927, 11, 4, 7, 70),
(928, 11, 4, 8, 91),
(929, 12, 4, 1, 77),
(930, 12, 4, 2, 78),
(931, 12, 4, 3, 71),
(932, 12, 4, 4, 78),
(933, 12, 4, 5, 79),
(934, 12, 4, 6, 95),
(935, 12, 4, 7, 68),
(936, 12, 4, 8, 78),
(937, 13, 4, 1, 94),
(938, 13, 4, 2, 100),
(939, 13, 4, 3, 98),
(940, 13, 4, 4, 68),
(941, 13, 4, 5, 69),
(942, 13, 4, 6, 76),
(943, 13, 4, 7, 93),
(944, 13, 4, 8, 96),
(945, 14, 4, 1, 93),
(946, 14, 4, 2, 75),
(947, 14, 4, 3, 79),
(948, 14, 4, 4, 70),
(949, 14, 4, 5, 83),
(950, 14, 4, 6, 72),
(951, 14, 4, 7, 71),
(952, 14, 4, 8, 78),
(953, 15, 4, 1, 78),
(954, 15, 4, 2, 77),
(955, 15, 4, 3, 77),
(956, 15, 4, 4, 81),
(957, 15, 4, 5, 73),
(958, 15, 4, 6, 73),
(959, 15, 4, 7, 82),
(960, 15, 4, 8, 73),
(961, 16, 4, 1, 69),
(962, 16, 4, 2, 97),
(963, 16, 4, 3, 69),
(964, 16, 4, 4, 84),
(965, 16, 4, 5, 76),
(966, 16, 4, 6, 86),
(967, 16, 4, 7, 86),
(968, 16, 4, 8, 79),
(969, 17, 4, 1, 69),
(970, 17, 4, 2, 74),
(971, 17, 4, 3, 85),
(972, 17, 4, 4, 77),
(973, 17, 4, 5, 79),
(974, 17, 4, 6, 68),
(975, 17, 4, 7, 96),
(976, 17, 4, 8, 79),
(977, 18, 4, 1, 98),
(978, 18, 4, 2, 100),
(979, 18, 4, 3, 68),
(980, 18, 4, 4, 77),
(981, 18, 4, 5, 84),
(982, 18, 4, 6, 95),
(983, 18, 4, 7, 71),
(984, 18, 4, 8, 72),
(985, 19, 4, 1, 92),
(986, 19, 4, 2, 82),
(987, 19, 4, 3, 80),
(988, 19, 4, 4, 83),
(989, 19, 4, 5, 78),
(990, 19, 4, 6, 88),
(991, 19, 4, 7, 92),
(992, 19, 4, 8, 74),
(993, 20, 4, 1, 69),
(994, 20, 4, 2, 77),
(995, 20, 4, 3, 100),
(996, 20, 4, 4, 76),
(997, 20, 4, 5, 98),
(998, 20, 4, 6, 89),
(999, 20, 4, 7, 86),
(1000, 20, 4, 8, 84),
(1001, 21, 4, 1, 69),
(1002, 21, 4, 2, 93),
(1003, 21, 4, 3, 88),
(1004, 21, 4, 4, 89),
(1005, 21, 4, 5, 97),
(1006, 21, 4, 6, 89),
(1007, 21, 4, 7, 97),
(1008, 21, 4, 8, 83),
(1009, 22, 4, 1, 76),
(1010, 22, 4, 2, 86),
(1011, 22, 4, 3, 89),
(1012, 22, 4, 4, 71),
(1013, 22, 4, 5, 76),
(1014, 22, 4, 6, 95),
(1015, 22, 4, 7, 87),
(1016, 22, 4, 8, 70),
(1017, 23, 4, 1, 95),
(1018, 23, 4, 2, 98),
(1019, 23, 4, 3, 99),
(1020, 23, 4, 4, 88),
(1021, 23, 4, 5, 91),
(1022, 23, 4, 6, 98),
(1023, 23, 4, 7, 68),
(1024, 23, 4, 8, 96),
(1025, 24, 4, 1, 77),
(1026, 24, 4, 2, 85),
(1027, 24, 4, 3, 95),
(1028, 24, 4, 4, 88),
(1029, 24, 4, 5, 77),
(1030, 24, 4, 6, 70),
(1031, 24, 4, 7, 67),
(1032, 24, 4, 8, 91),
(1033, 25, 4, 1, 93),
(1034, 25, 4, 2, 89),
(1035, 25, 4, 3, 72),
(1036, 25, 4, 4, 70),
(1037, 25, 4, 5, 88),
(1038, 25, 4, 6, 71),
(1039, 25, 4, 7, 98),
(1040, 25, 4, 8, 72),
(1041, 26, 4, 1, 96),
(1042, 26, 4, 2, 100),
(1043, 26, 4, 3, 76),
(1044, 26, 4, 4, 84),
(1045, 26, 4, 5, 92),
(1046, 26, 4, 6, 73),
(1047, 26, 4, 7, 85),
(1048, 26, 4, 8, 71),
(1049, 27, 4, 1, 89),
(1050, 27, 4, 2, 92),
(1051, 27, 4, 3, 100),
(1052, 27, 4, 4, 96),
(1053, 27, 4, 5, 77),
(1054, 27, 4, 6, 68),
(1055, 27, 4, 7, 76),
(1056, 27, 4, 8, 70),
(1057, 28, 4, 1, 92),
(1058, 28, 4, 2, 89),
(1059, 28, 4, 3, 90),
(1060, 28, 4, 4, 86),
(1061, 28, 4, 5, 80),
(1062, 28, 4, 6, 96),
(1063, 28, 4, 7, 99),
(1064, 28, 4, 8, 68),
(1065, 29, 4, 1, 74),
(1066, 29, 4, 2, 98),
(1067, 29, 4, 3, 73),
(1068, 29, 4, 4, 88),
(1069, 29, 4, 5, 86),
(1070, 29, 4, 6, 81),
(1071, 29, 4, 7, 97),
(1072, 29, 4, 8, 81),
(1073, 30, 4, 1, 89),
(1074, 30, 4, 2, 76),
(1075, 30, 4, 3, 95),
(1076, 30, 4, 4, 84),
(1077, 30, 4, 5, 99),
(1078, 30, 4, 6, 97),
(1079, 30, 4, 7, 99),
(1080, 30, 4, 8, 75),
(1081, 31, 4, 1, 73),
(1082, 31, 4, 2, 98),
(1083, 31, 4, 3, 84),
(1084, 31, 4, 4, 73),
(1085, 31, 4, 5, 71),
(1086, 31, 4, 6, 67),
(1087, 31, 4, 7, 84),
(1088, 31, 4, 8, 98),
(1089, 32, 4, 1, 80),
(1090, 32, 4, 2, 87),
(1091, 32, 4, 3, 84),
(1092, 32, 4, 4, 71),
(1093, 32, 4, 5, 73),
(1094, 32, 4, 6, 100),
(1095, 32, 4, 7, 78),
(1096, 32, 4, 8, 82),
(1097, 33, 4, 1, 79),
(1098, 33, 4, 2, 84),
(1099, 33, 4, 3, 90),
(1100, 33, 4, 4, 76),
(1101, 33, 4, 5, 92),
(1102, 33, 4, 6, 86),
(1103, 33, 4, 7, 95),
(1104, 33, 4, 8, 77),
(1105, 34, 4, 1, 90),
(1106, 34, 4, 2, 79),
(1107, 34, 4, 3, 80),
(1108, 34, 4, 4, 71),
(1109, 34, 4, 5, 96),
(1110, 34, 4, 6, 98),
(1111, 34, 4, 7, 95),
(1112, 34, 4, 8, 82),
(1113, 35, 4, 1, 82),
(1114, 35, 4, 2, 81),
(1115, 35, 4, 3, 83),
(1116, 35, 4, 4, 88),
(1117, 35, 4, 5, 72),
(1118, 35, 4, 6, 95),
(1119, 35, 4, 7, 90),
(1120, 35, 4, 8, 78),
(1121, 1, 5, 1, 76),
(1122, 1, 5, 2, 79),
(1123, 1, 5, 3, 76),
(1124, 1, 5, 4, 75),
(1125, 1, 5, 5, 91),
(1126, 1, 5, 6, 82),
(1127, 1, 5, 7, 74),
(1128, 1, 5, 8, 99),
(1129, 2, 5, 1, 74),
(1130, 2, 5, 2, 81),
(1131, 2, 5, 3, 88),
(1132, 2, 5, 4, 67),
(1133, 2, 5, 5, 71),
(1134, 2, 5, 6, 85),
(1135, 2, 5, 7, 93),
(1136, 2, 5, 8, 93),
(1137, 3, 5, 1, 98),
(1138, 3, 5, 2, 78),
(1139, 3, 5, 3, 97),
(1140, 3, 5, 4, 77),
(1141, 3, 5, 5, 84),
(1142, 3, 5, 6, 78),
(1143, 3, 5, 7, 73),
(1144, 3, 5, 8, 92),
(1145, 4, 5, 1, 81),
(1146, 4, 5, 2, 76),
(1147, 4, 5, 3, 98),
(1148, 4, 5, 4, 72),
(1149, 4, 5, 5, 81),
(1150, 4, 5, 6, 83),
(1151, 4, 5, 7, 95),
(1152, 4, 5, 8, 79),
(1153, 5, 5, 1, 79),
(1154, 5, 5, 2, 67),
(1155, 5, 5, 3, 67),
(1156, 5, 5, 4, 100),
(1157, 5, 5, 5, 99),
(1158, 5, 5, 6, 76),
(1159, 5, 5, 7, 85),
(1160, 5, 5, 8, 86),
(1161, 6, 5, 1, 94),
(1162, 6, 5, 2, 91),
(1163, 6, 5, 3, 69),
(1164, 6, 5, 4, 94),
(1165, 6, 5, 5, 92),
(1166, 6, 5, 6, 80),
(1167, 6, 5, 7, 89),
(1168, 6, 5, 8, 95),
(1169, 7, 5, 1, 79),
(1170, 7, 5, 2, 71),
(1171, 7, 5, 3, 80),
(1172, 7, 5, 4, 69),
(1173, 7, 5, 5, 96),
(1174, 7, 5, 6, 68),
(1175, 7, 5, 7, 67),
(1176, 7, 5, 8, 72),
(1177, 8, 5, 1, 71),
(1178, 8, 5, 2, 83),
(1179, 8, 5, 3, 95),
(1180, 8, 5, 4, 93),
(1181, 8, 5, 5, 97),
(1182, 8, 5, 6, 100),
(1183, 8, 5, 7, 99),
(1184, 8, 5, 8, 100),
(1185, 9, 5, 1, 90),
(1186, 9, 5, 2, 83),
(1187, 9, 5, 3, 92),
(1188, 9, 5, 4, 78),
(1189, 9, 5, 5, 98),
(1190, 9, 5, 6, 81),
(1191, 9, 5, 7, 78),
(1192, 9, 5, 8, 76),
(1193, 10, 5, 1, 71),
(1194, 10, 5, 2, 78),
(1195, 10, 5, 3, 99),
(1196, 10, 5, 4, 91),
(1197, 10, 5, 5, 86),
(1198, 10, 5, 6, 69),
(1199, 10, 5, 7, 84),
(1200, 10, 5, 8, 84),
(1201, 11, 5, 1, 68),
(1202, 11, 5, 2, 93),
(1203, 11, 5, 3, 95),
(1204, 11, 5, 4, 82),
(1205, 11, 5, 5, 98),
(1206, 11, 5, 6, 71),
(1207, 11, 5, 7, 77),
(1208, 11, 5, 8, 89),
(1209, 12, 5, 1, 85),
(1210, 12, 5, 2, 67),
(1211, 12, 5, 3, 74),
(1212, 12, 5, 4, 83),
(1213, 12, 5, 5, 86),
(1214, 12, 5, 6, 78),
(1215, 12, 5, 7, 68),
(1216, 12, 5, 8, 72),
(1217, 13, 5, 1, 74),
(1218, 13, 5, 2, 93),
(1219, 13, 5, 3, 81),
(1220, 13, 5, 4, 75),
(1221, 13, 5, 5, 87),
(1222, 13, 5, 6, 98),
(1223, 13, 5, 7, 88),
(1224, 13, 5, 8, 68),
(1225, 14, 5, 1, 72),
(1226, 14, 5, 2, 77),
(1227, 14, 5, 3, 78),
(1228, 14, 5, 4, 92),
(1229, 14, 5, 5, 88),
(1230, 14, 5, 6, 86),
(1231, 14, 5, 7, 78),
(1232, 14, 5, 8, 92),
(1233, 15, 5, 1, 99),
(1234, 15, 5, 2, 76),
(1235, 15, 5, 3, 75),
(1236, 15, 5, 4, 81),
(1237, 15, 5, 5, 91),
(1238, 15, 5, 6, 85),
(1239, 15, 5, 7, 68),
(1240, 15, 5, 8, 74),
(1241, 16, 5, 1, 90),
(1242, 16, 5, 2, 97),
(1243, 16, 5, 3, 69),
(1244, 16, 5, 4, 76),
(1245, 16, 5, 5, 83),
(1246, 16, 5, 6, 85),
(1247, 16, 5, 7, 70),
(1248, 16, 5, 8, 100),
(1249, 17, 5, 1, 100),
(1250, 17, 5, 2, 99),
(1251, 17, 5, 3, 69),
(1252, 17, 5, 4, 92),
(1253, 17, 5, 5, 67),
(1254, 17, 5, 6, 92),
(1255, 17, 5, 7, 79),
(1256, 17, 5, 8, 98),
(1257, 18, 5, 1, 97),
(1258, 18, 5, 2, 87),
(1259, 18, 5, 3, 72),
(1260, 18, 5, 4, 95),
(1261, 18, 5, 5, 97),
(1262, 18, 5, 6, 99),
(1263, 18, 5, 7, 71),
(1264, 18, 5, 8, 87),
(1265, 19, 5, 1, 68),
(1266, 19, 5, 2, 87),
(1267, 19, 5, 3, 89),
(1268, 19, 5, 4, 100),
(1269, 19, 5, 5, 74),
(1270, 19, 5, 6, 77),
(1271, 19, 5, 7, 76),
(1272, 19, 5, 8, 98),
(1273, 20, 5, 1, 85),
(1274, 20, 5, 2, 71),
(1275, 20, 5, 3, 79),
(1276, 20, 5, 4, 73),
(1277, 20, 5, 5, 87),
(1278, 20, 5, 6, 86),
(1279, 20, 5, 7, 71),
(1280, 20, 5, 8, 79),
(1281, 21, 5, 1, 99),
(1282, 21, 5, 2, 99),
(1283, 21, 5, 3, 90),
(1284, 21, 5, 4, 96),
(1285, 21, 5, 5, 71),
(1286, 21, 5, 6, 99),
(1287, 21, 5, 7, 86),
(1288, 21, 5, 8, 98),
(1289, 22, 5, 1, 79),
(1290, 22, 5, 2, 75),
(1291, 22, 5, 3, 82),
(1292, 22, 5, 4, 68),
(1293, 22, 5, 5, 79),
(1294, 22, 5, 6, 72),
(1295, 22, 5, 7, 97),
(1296, 22, 5, 8, 68),
(1297, 23, 5, 1, 80),
(1298, 23, 5, 2, 93),
(1299, 23, 5, 3, 67),
(1300, 23, 5, 4, 72),
(1301, 23, 5, 5, 82),
(1302, 23, 5, 6, 81),
(1303, 23, 5, 7, 100),
(1304, 23, 5, 8, 90),
(1305, 24, 5, 1, 70),
(1306, 24, 5, 2, 91),
(1307, 24, 5, 3, 72),
(1308, 24, 5, 4, 72),
(1309, 24, 5, 5, 99),
(1310, 24, 5, 6, 82),
(1311, 24, 5, 7, 71),
(1312, 24, 5, 8, 78),
(1313, 25, 5, 1, 71),
(1314, 25, 5, 2, 94),
(1315, 25, 5, 3, 77),
(1316, 25, 5, 4, 86),
(1317, 25, 5, 5, 99),
(1318, 25, 5, 6, 82),
(1319, 25, 5, 7, 75),
(1320, 25, 5, 8, 100),
(1321, 26, 5, 1, 85),
(1322, 26, 5, 2, 75),
(1323, 26, 5, 3, 75),
(1324, 26, 5, 4, 78),
(1325, 26, 5, 5, 69),
(1326, 26, 5, 6, 73),
(1327, 26, 5, 7, 88),
(1328, 26, 5, 8, 69),
(1329, 27, 5, 1, 98),
(1330, 27, 5, 2, 93),
(1331, 27, 5, 3, 78),
(1332, 27, 5, 4, 97),
(1333, 27, 5, 5, 80),
(1334, 27, 5, 6, 96),
(1335, 27, 5, 7, 71),
(1336, 27, 5, 8, 85),
(1337, 28, 5, 1, 80),
(1338, 28, 5, 2, 88),
(1339, 28, 5, 3, 81),
(1340, 28, 5, 4, 75),
(1341, 28, 5, 5, 84),
(1342, 28, 5, 6, 72),
(1343, 28, 5, 7, 70),
(1344, 28, 5, 8, 98),
(1345, 29, 5, 1, 85),
(1346, 29, 5, 2, 83),
(1347, 29, 5, 3, 96),
(1348, 29, 5, 4, 96),
(1349, 29, 5, 5, 84),
(1350, 29, 5, 6, 78),
(1351, 29, 5, 7, 80),
(1352, 29, 5, 8, 71),
(1353, 30, 5, 1, 81),
(1354, 30, 5, 2, 87),
(1355, 30, 5, 3, 83),
(1356, 30, 5, 4, 91),
(1357, 30, 5, 5, 67),
(1358, 30, 5, 6, 70),
(1359, 30, 5, 7, 78),
(1360, 30, 5, 8, 90),
(1361, 31, 5, 1, 90),
(1362, 31, 5, 2, 89),
(1363, 31, 5, 3, 88),
(1364, 31, 5, 4, 75),
(1365, 31, 5, 5, 69),
(1366, 31, 5, 6, 89),
(1367, 31, 5, 7, 93),
(1368, 31, 5, 8, 84),
(1369, 32, 5, 1, 80),
(1370, 32, 5, 2, 97),
(1371, 32, 5, 3, 72),
(1372, 32, 5, 4, 81),
(1373, 32, 5, 5, 77),
(1374, 32, 5, 6, 91),
(1375, 32, 5, 7, 68),
(1376, 32, 5, 8, 70),
(1377, 33, 5, 1, 72),
(1378, 33, 5, 2, 67),
(1379, 33, 5, 3, 80),
(1380, 33, 5, 4, 92),
(1381, 33, 5, 5, 94),
(1382, 33, 5, 6, 85),
(1383, 33, 5, 7, 67),
(1384, 33, 5, 8, 80),
(1385, 34, 5, 1, 69),
(1386, 34, 5, 2, 76),
(1387, 34, 5, 3, 73),
(1388, 34, 5, 4, 73),
(1389, 34, 5, 5, 72),
(1390, 34, 5, 6, 95),
(1391, 34, 5, 7, 100),
(1392, 34, 5, 8, 97),
(1393, 35, 5, 1, 90),
(1394, 35, 5, 2, 79),
(1395, 35, 5, 3, 97),
(1396, 35, 5, 4, 73),
(1397, 35, 5, 5, 82),
(1398, 35, 5, 6, 93),
(1399, 35, 5, 7, 96),
(1400, 35, 5, 8, 86),
(1401, 1, 6, 1, 71),
(1402, 1, 6, 2, 83),
(1403, 1, 6, 3, 78),
(1404, 1, 6, 4, 91),
(1405, 1, 6, 5, 77),
(1406, 1, 6, 6, 71),
(1407, 1, 6, 7, 99),
(1408, 1, 6, 8, 96),
(1409, 2, 6, 1, 67),
(1410, 2, 6, 2, 80),
(1411, 2, 6, 3, 97),
(1412, 2, 6, 4, 75),
(1413, 2, 6, 5, 93),
(1414, 2, 6, 6, 70),
(1415, 2, 6, 7, 70),
(1416, 2, 6, 8, 92),
(1417, 3, 6, 1, 80),
(1418, 3, 6, 2, 77),
(1419, 3, 6, 3, 79),
(1420, 3, 6, 4, 92),
(1421, 3, 6, 5, 84),
(1422, 3, 6, 6, 81),
(1423, 3, 6, 7, 88),
(1424, 3, 6, 8, 91),
(1425, 4, 6, 1, 97),
(1426, 4, 6, 2, 98),
(1427, 4, 6, 3, 71),
(1428, 4, 6, 4, 91),
(1429, 4, 6, 5, 85),
(1430, 4, 6, 6, 76),
(1431, 4, 6, 7, 81),
(1432, 4, 6, 8, 91),
(1433, 5, 6, 1, 86),
(1434, 5, 6, 2, 82),
(1435, 5, 6, 3, 67),
(1436, 5, 6, 4, 69),
(1437, 5, 6, 5, 84),
(1438, 5, 6, 6, 80),
(1439, 5, 6, 7, 94),
(1440, 5, 6, 8, 74),
(1441, 6, 6, 1, 69),
(1442, 6, 6, 2, 88),
(1443, 6, 6, 3, 78),
(1444, 6, 6, 4, 77),
(1445, 6, 6, 5, 84),
(1446, 6, 6, 6, 67),
(1447, 6, 6, 7, 88),
(1448, 6, 6, 8, 73),
(1449, 7, 6, 1, 82),
(1450, 7, 6, 2, 89),
(1451, 7, 6, 3, 67),
(1452, 7, 6, 4, 81),
(1453, 7, 6, 5, 70),
(1454, 7, 6, 6, 95),
(1455, 7, 6, 7, 75),
(1456, 7, 6, 8, 71),
(1457, 8, 6, 1, 77),
(1458, 8, 6, 2, 77),
(1459, 8, 6, 3, 77),
(1460, 8, 6, 4, 95),
(1461, 8, 6, 5, 79),
(1462, 8, 6, 6, 70),
(1463, 8, 6, 7, 82),
(1464, 8, 6, 8, 99),
(1465, 9, 6, 1, 92),
(1466, 9, 6, 2, 92),
(1467, 9, 6, 3, 71),
(1468, 9, 6, 4, 85),
(1469, 9, 6, 5, 99),
(1470, 9, 6, 6, 83),
(1471, 9, 6, 7, 89),
(1472, 9, 6, 8, 72),
(1473, 10, 6, 1, 79),
(1474, 10, 6, 2, 90),
(1475, 10, 6, 3, 93),
(1476, 10, 6, 4, 100),
(1477, 10, 6, 5, 98),
(1478, 10, 6, 6, 75),
(1479, 10, 6, 7, 89),
(1480, 10, 6, 8, 92),
(1481, 11, 6, 1, 74),
(1482, 11, 6, 2, 80),
(1483, 11, 6, 3, 71),
(1484, 11, 6, 4, 72),
(1485, 11, 6, 5, 97),
(1486, 11, 6, 6, 70),
(1487, 11, 6, 7, 94),
(1488, 11, 6, 8, 71),
(1489, 12, 6, 1, 99),
(1490, 12, 6, 2, 85),
(1491, 12, 6, 3, 83),
(1492, 12, 6, 4, 85),
(1493, 12, 6, 5, 98),
(1494, 12, 6, 6, 75),
(1495, 12, 6, 7, 100),
(1496, 12, 6, 8, 76),
(1497, 13, 6, 1, 88),
(1498, 13, 6, 2, 79),
(1499, 13, 6, 3, 91),
(1500, 13, 6, 4, 70),
(1501, 13, 6, 5, 88),
(1502, 13, 6, 6, 81),
(1503, 13, 6, 7, 82),
(1504, 13, 6, 8, 91),
(1505, 14, 6, 1, 96),
(1506, 14, 6, 2, 87),
(1507, 14, 6, 3, 73),
(1508, 14, 6, 4, 75),
(1509, 14, 6, 5, 69),
(1510, 14, 6, 6, 95),
(1511, 14, 6, 7, 72),
(1512, 14, 6, 8, 79),
(1513, 15, 6, 1, 91),
(1514, 15, 6, 2, 82),
(1515, 15, 6, 3, 91),
(1516, 15, 6, 4, 67),
(1517, 15, 6, 5, 97),
(1518, 15, 6, 6, 74),
(1519, 15, 6, 7, 79),
(1520, 15, 6, 8, 91),
(1521, 16, 6, 1, 94),
(1522, 16, 6, 2, 88),
(1523, 16, 6, 3, 88),
(1524, 16, 6, 4, 96),
(1525, 16, 6, 5, 73),
(1526, 16, 6, 6, 93),
(1527, 16, 6, 7, 99),
(1528, 16, 6, 8, 91),
(1529, 17, 6, 1, 75),
(1530, 17, 6, 2, 79),
(1531, 17, 6, 3, 94),
(1532, 17, 6, 4, 92),
(1533, 17, 6, 5, 83),
(1534, 17, 6, 6, 74),
(1535, 17, 6, 7, 75),
(1536, 17, 6, 8, 96),
(1537, 18, 6, 1, 86),
(1538, 18, 6, 2, 79),
(1539, 18, 6, 3, 86),
(1540, 18, 6, 4, 71),
(1541, 18, 6, 5, 99),
(1542, 18, 6, 6, 93),
(1543, 18, 6, 7, 70),
(1544, 18, 6, 8, 70),
(1545, 19, 6, 1, 98),
(1546, 19, 6, 2, 95),
(1547, 19, 6, 3, 92),
(1548, 19, 6, 4, 100),
(1549, 19, 6, 5, 71),
(1550, 19, 6, 6, 73),
(1551, 19, 6, 7, 96),
(1552, 19, 6, 8, 97),
(1553, 20, 6, 1, 97),
(1554, 20, 6, 2, 85),
(1555, 20, 6, 3, 92),
(1556, 20, 6, 4, 93),
(1557, 20, 6, 5, 72),
(1558, 20, 6, 6, 88),
(1559, 20, 6, 7, 80),
(1560, 20, 6, 8, 75),
(1561, 21, 6, 1, 86),
(1562, 21, 6, 2, 90),
(1563, 21, 6, 3, 78),
(1564, 21, 6, 4, 83),
(1565, 21, 6, 5, 87),
(1566, 21, 6, 6, 95),
(1567, 21, 6, 7, 100),
(1568, 21, 6, 8, 87),
(1569, 22, 6, 1, 84),
(1570, 22, 6, 2, 99),
(1571, 22, 6, 3, 97),
(1572, 22, 6, 4, 86),
(1573, 22, 6, 5, 85),
(1574, 22, 6, 6, 68),
(1575, 22, 6, 7, 85),
(1576, 22, 6, 8, 98),
(1577, 23, 6, 1, 96),
(1578, 23, 6, 2, 87),
(1579, 23, 6, 3, 76),
(1580, 23, 6, 4, 67),
(1581, 23, 6, 5, 87),
(1582, 23, 6, 6, 100),
(1583, 23, 6, 7, 79),
(1584, 23, 6, 8, 90),
(1585, 24, 6, 1, 73),
(1586, 24, 6, 2, 77),
(1587, 24, 6, 3, 94),
(1588, 24, 6, 4, 76),
(1589, 24, 6, 5, 96),
(1590, 24, 6, 6, 95),
(1591, 24, 6, 7, 77),
(1592, 24, 6, 8, 96),
(1593, 25, 6, 1, 87),
(1594, 25, 6, 2, 78),
(1595, 25, 6, 3, 78),
(1596, 25, 6, 4, 77),
(1597, 25, 6, 5, 97),
(1598, 25, 6, 6, 77),
(1599, 25, 6, 7, 91),
(1600, 25, 6, 8, 98),
(1601, 26, 6, 1, 89),
(1602, 26, 6, 2, 80),
(1603, 26, 6, 3, 74),
(1604, 26, 6, 4, 87),
(1605, 26, 6, 5, 95),
(1606, 26, 6, 6, 90),
(1607, 26, 6, 7, 81),
(1608, 26, 6, 8, 95),
(1609, 27, 6, 1, 84),
(1610, 27, 6, 2, 90),
(1611, 27, 6, 3, 76),
(1612, 27, 6, 4, 71),
(1613, 27, 6, 5, 76),
(1614, 27, 6, 6, 88),
(1615, 27, 6, 7, 94),
(1616, 27, 6, 8, 68),
(1617, 28, 6, 1, 91),
(1618, 28, 6, 2, 98),
(1619, 28, 6, 3, 96),
(1620, 28, 6, 4, 79),
(1621, 28, 6, 5, 76),
(1622, 28, 6, 6, 79),
(1623, 28, 6, 7, 90),
(1624, 28, 6, 8, 86),
(1625, 29, 6, 1, 79),
(1626, 29, 6, 2, 79),
(1627, 29, 6, 3, 94),
(1628, 29, 6, 4, 75),
(1629, 29, 6, 5, 81),
(1630, 29, 6, 6, 88),
(1631, 29, 6, 7, 80),
(1632, 29, 6, 8, 95),
(1633, 30, 6, 1, 68),
(1634, 30, 6, 2, 90),
(1635, 30, 6, 3, 83),
(1636, 30, 6, 4, 75),
(1637, 30, 6, 5, 96),
(1638, 30, 6, 6, 88),
(1639, 30, 6, 7, 94),
(1640, 30, 6, 8, 95),
(1641, 31, 6, 1, 97),
(1642, 31, 6, 2, 70),
(1643, 31, 6, 3, 91),
(1644, 31, 6, 4, 79),
(1645, 31, 6, 5, 72),
(1646, 31, 6, 6, 70),
(1647, 31, 6, 7, 74),
(1648, 31, 6, 8, 67),
(1649, 32, 6, 1, 82),
(1650, 32, 6, 2, 80),
(1651, 32, 6, 3, 96),
(1652, 32, 6, 4, 68),
(1653, 32, 6, 5, 80),
(1654, 32, 6, 6, 75),
(1655, 32, 6, 7, 85),
(1656, 32, 6, 8, 79),
(1657, 33, 6, 1, 95),
(1658, 33, 6, 2, 91),
(1659, 33, 6, 3, 92),
(1660, 33, 6, 4, 76),
(1661, 33, 6, 5, 73),
(1662, 33, 6, 6, 94),
(1663, 33, 6, 7, 68),
(1664, 33, 6, 8, 79),
(1665, 34, 6, 1, 88),
(1666, 34, 6, 2, 94),
(1667, 34, 6, 3, 92),
(1668, 34, 6, 4, 83),
(1669, 34, 6, 5, 87),
(1670, 34, 6, 6, 99),
(1671, 34, 6, 7, 88),
(1672, 34, 6, 8, 98),
(1673, 35, 6, 1, 99),
(1674, 35, 6, 2, 97),
(1675, 35, 6, 3, 89),
(1676, 35, 6, 4, 90),
(1677, 35, 6, 5, 76),
(1678, 35, 6, 6, 82),
(1679, 35, 6, 7, 87),
(1680, 35, 6, 8, 86),
(1681, 1, 7, 1, 80),
(1682, 1, 7, 2, 90),
(1683, 1, 7, 3, 95),
(1684, 1, 7, 4, 78),
(1685, 1, 7, 5, 75),
(1686, 1, 7, 6, 83),
(1687, 1, 7, 7, 95),
(1688, 1, 7, 8, 76),
(1689, 2, 7, 1, 68),
(1690, 2, 7, 2, 81),
(1691, 2, 7, 3, 72),
(1692, 2, 7, 4, 80),
(1693, 2, 7, 5, 72),
(1694, 2, 7, 6, 94),
(1695, 2, 7, 7, 89),
(1696, 2, 7, 8, 82),
(1697, 3, 7, 1, 82),
(1698, 3, 7, 2, 93),
(1699, 3, 7, 3, 99),
(1700, 3, 7, 4, 77),
(1701, 3, 7, 5, 69),
(1702, 3, 7, 6, 87),
(1703, 3, 7, 7, 98),
(1704, 3, 7, 8, 71),
(1705, 4, 7, 1, 93),
(1706, 4, 7, 2, 67),
(1707, 4, 7, 3, 68),
(1708, 4, 7, 4, 70),
(1709, 4, 7, 5, 87),
(1710, 4, 7, 6, 87),
(1711, 4, 7, 7, 100),
(1712, 4, 7, 8, 92),
(1713, 5, 7, 1, 86),
(1714, 5, 7, 2, 95),
(1715, 5, 7, 3, 94),
(1716, 5, 7, 4, 73),
(1717, 5, 7, 5, 95),
(1718, 5, 7, 6, 68),
(1719, 5, 7, 7, 88),
(1720, 5, 7, 8, 76),
(1721, 6, 7, 1, 99),
(1722, 6, 7, 2, 82),
(1723, 6, 7, 3, 68),
(1724, 6, 7, 4, 87),
(1725, 6, 7, 5, 78),
(1726, 6, 7, 6, 88),
(1727, 6, 7, 7, 76),
(1728, 6, 7, 8, 72),
(1729, 7, 7, 1, 83),
(1730, 7, 7, 2, 87),
(1731, 7, 7, 3, 71),
(1732, 7, 7, 4, 92),
(1733, 7, 7, 5, 75),
(1734, 7, 7, 6, 87),
(1735, 7, 7, 7, 90),
(1736, 7, 7, 8, 81),
(1737, 8, 7, 1, 77),
(1738, 8, 7, 2, 83),
(1739, 8, 7, 3, 98),
(1740, 8, 7, 4, 87),
(1741, 8, 7, 5, 72),
(1742, 8, 7, 6, 88),
(1743, 8, 7, 7, 77),
(1744, 8, 7, 8, 83),
(1745, 9, 7, 1, 99),
(1746, 9, 7, 2, 94),
(1747, 9, 7, 3, 91),
(1748, 9, 7, 4, 89),
(1749, 9, 7, 5, 71),
(1750, 9, 7, 6, 100),
(1751, 9, 7, 7, 97),
(1752, 9, 7, 8, 78),
(1753, 10, 7, 1, 86),
(1754, 10, 7, 2, 95),
(1755, 10, 7, 3, 80),
(1756, 10, 7, 4, 97),
(1757, 10, 7, 5, 92),
(1758, 10, 7, 6, 78),
(1759, 10, 7, 7, 95),
(1760, 10, 7, 8, 82),
(1761, 11, 7, 1, 92),
(1762, 11, 7, 2, 75),
(1763, 11, 7, 3, 76),
(1764, 11, 7, 4, 92),
(1765, 11, 7, 5, 72),
(1766, 11, 7, 6, 98),
(1767, 11, 7, 7, 99),
(1768, 11, 7, 8, 94),
(1769, 12, 7, 1, 85),
(1770, 12, 7, 2, 76),
(1771, 12, 7, 3, 75),
(1772, 12, 7, 4, 74),
(1773, 12, 7, 5, 98),
(1774, 12, 7, 6, 83),
(1775, 12, 7, 7, 87),
(1776, 12, 7, 8, 95),
(1777, 13, 7, 1, 86),
(1778, 13, 7, 2, 89),
(1779, 13, 7, 3, 87),
(1780, 13, 7, 4, 91),
(1781, 13, 7, 5, 71),
(1782, 13, 7, 6, 75),
(1783, 13, 7, 7, 87),
(1784, 13, 7, 8, 85),
(1785, 14, 7, 1, 98),
(1786, 14, 7, 2, 86),
(1787, 14, 7, 3, 74),
(1788, 14, 7, 4, 77),
(1789, 14, 7, 5, 80),
(1790, 14, 7, 6, 96),
(1791, 14, 7, 7, 79),
(1792, 14, 7, 8, 79),
(1793, 15, 7, 1, 74),
(1794, 15, 7, 2, 92),
(1795, 15, 7, 3, 81),
(1796, 15, 7, 4, 79),
(1797, 15, 7, 5, 93),
(1798, 15, 7, 6, 88),
(1799, 15, 7, 7, 89),
(1800, 15, 7, 8, 76),
(1801, 16, 7, 1, 84),
(1802, 16, 7, 2, 81),
(1803, 16, 7, 3, 68),
(1804, 16, 7, 4, 97),
(1805, 16, 7, 5, 97),
(1806, 16, 7, 6, 73),
(1807, 16, 7, 7, 96),
(1808, 16, 7, 8, 93),
(1809, 17, 7, 1, 80),
(1810, 17, 7, 2, 78),
(1811, 17, 7, 3, 82),
(1812, 17, 7, 4, 80),
(1813, 17, 7, 5, 96),
(1814, 17, 7, 6, 95),
(1815, 17, 7, 7, 94),
(1816, 17, 7, 8, 94),
(1817, 18, 7, 1, 67),
(1818, 18, 7, 2, 88),
(1819, 18, 7, 3, 84),
(1820, 18, 7, 4, 93),
(1821, 18, 7, 5, 74),
(1822, 18, 7, 6, 75),
(1823, 18, 7, 7, 95),
(1824, 18, 7, 8, 95),
(1825, 19, 7, 1, 97),
(1826, 19, 7, 2, 70),
(1827, 19, 7, 3, 84),
(1828, 19, 7, 4, 86),
(1829, 19, 7, 5, 70),
(1830, 19, 7, 6, 89),
(1831, 19, 7, 7, 95),
(1832, 19, 7, 8, 95),
(1833, 20, 7, 1, 73),
(1834, 20, 7, 2, 98),
(1835, 20, 7, 3, 77),
(1836, 20, 7, 4, 90),
(1837, 20, 7, 5, 70),
(1838, 20, 7, 6, 92),
(1839, 20, 7, 7, 70),
(1840, 20, 7, 8, 77),
(1841, 21, 7, 1, 82),
(1842, 21, 7, 2, 95),
(1843, 21, 7, 3, 76),
(1844, 21, 7, 4, 88),
(1845, 21, 7, 5, 77),
(1846, 21, 7, 6, 93),
(1847, 21, 7, 7, 82),
(1848, 21, 7, 8, 72),
(1849, 22, 7, 1, 94),
(1850, 22, 7, 2, 69),
(1851, 22, 7, 3, 75),
(1852, 22, 7, 4, 79),
(1853, 22, 7, 5, 76),
(1854, 22, 7, 6, 83),
(1855, 22, 7, 7, 77),
(1856, 22, 7, 8, 98),
(1857, 23, 7, 1, 94),
(1858, 23, 7, 2, 77),
(1859, 23, 7, 3, 86),
(1860, 23, 7, 4, 79),
(1861, 23, 7, 5, 72),
(1862, 23, 7, 6, 67),
(1863, 23, 7, 7, 83),
(1864, 23, 7, 8, 84),
(1865, 24, 7, 1, 87),
(1866, 24, 7, 2, 93),
(1867, 24, 7, 3, 69),
(1868, 24, 7, 4, 86),
(1869, 24, 7, 5, 85),
(1870, 24, 7, 6, 72),
(1871, 24, 7, 7, 76),
(1872, 24, 7, 8, 81),
(1873, 25, 7, 1, 91),
(1874, 25, 7, 2, 74),
(1875, 25, 7, 3, 69),
(1876, 25, 7, 4, 83),
(1877, 25, 7, 5, 82),
(1878, 25, 7, 6, 69),
(1879, 25, 7, 7, 87),
(1880, 25, 7, 8, 88),
(1881, 26, 7, 1, 77),
(1882, 26, 7, 2, 94),
(1883, 26, 7, 3, 83),
(1884, 26, 7, 4, 68),
(1885, 26, 7, 5, 86),
(1886, 26, 7, 6, 85),
(1887, 26, 7, 7, 92),
(1888, 26, 7, 8, 86),
(1889, 27, 7, 1, 98),
(1890, 27, 7, 2, 78),
(1891, 27, 7, 3, 87),
(1892, 27, 7, 4, 92),
(1893, 27, 7, 5, 99),
(1894, 27, 7, 6, 91),
(1895, 27, 7, 7, 87),
(1896, 27, 7, 8, 76),
(1897, 28, 7, 1, 91),
(1898, 28, 7, 2, 99),
(1899, 28, 7, 3, 76),
(1900, 28, 7, 4, 85),
(1901, 28, 7, 5, 72),
(1902, 28, 7, 6, 80),
(1903, 28, 7, 7, 82),
(1904, 28, 7, 8, 71),
(1905, 29, 7, 1, 74),
(1906, 29, 7, 2, 81),
(1907, 29, 7, 3, 95),
(1908, 29, 7, 4, 98),
(1909, 29, 7, 5, 79),
(1910, 29, 7, 6, 91),
(1911, 29, 7, 7, 73),
(1912, 29, 7, 8, 73),
(1913, 30, 7, 1, 85),
(1914, 30, 7, 2, 98),
(1915, 30, 7, 3, 72),
(1916, 30, 7, 4, 95),
(1917, 30, 7, 5, 69),
(1918, 30, 7, 6, 82),
(1919, 30, 7, 7, 72),
(1920, 30, 7, 8, 95),
(1921, 31, 7, 1, 76),
(1922, 31, 7, 2, 74),
(1923, 31, 7, 3, 87),
(1924, 31, 7, 4, 92),
(1925, 31, 7, 5, 81),
(1926, 31, 7, 6, 93),
(1927, 31, 7, 7, 72),
(1928, 31, 7, 8, 71),
(1929, 32, 7, 1, 85),
(1930, 32, 7, 2, 83),
(1931, 32, 7, 3, 99),
(1932, 32, 7, 4, 88),
(1933, 32, 7, 5, 68),
(1934, 32, 7, 6, 82),
(1935, 32, 7, 7, 87),
(1936, 32, 7, 8, 82),
(1937, 33, 7, 1, 98),
(1938, 33, 7, 2, 82),
(1939, 33, 7, 3, 86),
(1940, 33, 7, 4, 99),
(1941, 33, 7, 5, 99),
(1942, 33, 7, 6, 90),
(1943, 33, 7, 7, 76),
(1944, 33, 7, 8, 95),
(1945, 34, 7, 1, 83),
(1946, 34, 7, 2, 79),
(1947, 34, 7, 3, 78),
(1948, 34, 7, 4, 90),
(1949, 34, 7, 5, 94),
(1950, 34, 7, 6, 73),
(1951, 34, 7, 7, 85),
(1952, 34, 7, 8, 91),
(1953, 35, 7, 1, 95),
(1954, 35, 7, 2, 98),
(1955, 35, 7, 3, 86),
(1956, 35, 7, 4, 77),
(1957, 35, 7, 5, 89),
(1958, 35, 7, 6, 73),
(1959, 35, 7, 7, 74),
(1960, 35, 7, 8, 69),
(1961, 1, 8, 1, 70),
(1962, 1, 8, 2, 79),
(1963, 1, 8, 3, 70),
(1964, 1, 8, 4, 93),
(1965, 1, 8, 5, 70),
(1966, 1, 8, 6, 80),
(1967, 1, 8, 7, 90),
(1968, 1, 8, 8, 79),
(1969, 2, 8, 1, 95),
(1970, 2, 8, 2, 79),
(1971, 2, 8, 3, 76),
(1972, 2, 8, 4, 86),
(1973, 2, 8, 5, 76),
(1974, 2, 8, 6, 67),
(1975, 2, 8, 7, 94),
(1976, 2, 8, 8, 86),
(1977, 3, 8, 1, 72),
(1978, 3, 8, 2, 72),
(1979, 3, 8, 3, 99),
(1980, 3, 8, 4, 89),
(1981, 3, 8, 5, 92),
(1982, 3, 8, 6, 94),
(1983, 3, 8, 7, 96),
(1984, 3, 8, 8, 72),
(1985, 4, 8, 1, 88),
(1986, 4, 8, 2, 83),
(1987, 4, 8, 3, 83),
(1988, 4, 8, 4, 83),
(1989, 4, 8, 5, 86),
(1990, 4, 8, 6, 98),
(1991, 4, 8, 7, 92),
(1992, 4, 8, 8, 70),
(1993, 5, 8, 1, 79),
(1994, 5, 8, 2, 86),
(1995, 5, 8, 3, 91),
(1996, 5, 8, 4, 68),
(1997, 5, 8, 5, 81),
(1998, 5, 8, 6, 72),
(1999, 5, 8, 7, 93),
(2000, 5, 8, 8, 96),
(2001, 6, 8, 1, 100),
(2002, 6, 8, 2, 70),
(2003, 6, 8, 3, 99),
(2004, 6, 8, 4, 94),
(2005, 6, 8, 5, 77),
(2006, 6, 8, 6, 90),
(2007, 6, 8, 7, 94),
(2008, 6, 8, 8, 80),
(2009, 7, 8, 1, 85),
(2010, 7, 8, 2, 77),
(2011, 7, 8, 3, 69),
(2012, 7, 8, 4, 91),
(2013, 7, 8, 5, 97),
(2014, 7, 8, 6, 75),
(2015, 7, 8, 7, 73),
(2016, 7, 8, 8, 74),
(2017, 8, 8, 1, 88),
(2018, 8, 8, 2, 97),
(2019, 8, 8, 3, 80),
(2020, 8, 8, 4, 75),
(2021, 8, 8, 5, 74),
(2022, 8, 8, 6, 67),
(2023, 8, 8, 7, 92),
(2024, 8, 8, 8, 75),
(2025, 9, 8, 1, 79),
(2026, 9, 8, 2, 71),
(2027, 9, 8, 3, 93),
(2028, 9, 8, 4, 80),
(2029, 9, 8, 5, 98),
(2030, 9, 8, 6, 93),
(2031, 9, 8, 7, 95),
(2032, 9, 8, 8, 99),
(2033, 10, 8, 1, 78),
(2034, 10, 8, 2, 90),
(2035, 10, 8, 3, 87),
(2036, 10, 8, 4, 87),
(2037, 10, 8, 5, 69),
(2038, 10, 8, 6, 90),
(2039, 10, 8, 7, 76),
(2040, 10, 8, 8, 78),
(2041, 11, 8, 1, 88),
(2042, 11, 8, 2, 93),
(2043, 11, 8, 3, 88),
(2044, 11, 8, 4, 96),
(2045, 11, 8, 5, 76),
(2046, 11, 8, 6, 84),
(2047, 11, 8, 7, 82),
(2048, 11, 8, 8, 95),
(2049, 12, 8, 1, 95),
(2050, 12, 8, 2, 72),
(2051, 12, 8, 3, 76),
(2052, 12, 8, 4, 87),
(2053, 12, 8, 5, 87),
(2054, 12, 8, 6, 82),
(2055, 12, 8, 7, 73),
(2056, 12, 8, 8, 82),
(2057, 13, 8, 1, 69),
(2058, 13, 8, 2, 67),
(2059, 13, 8, 3, 78),
(2060, 13, 8, 4, 95),
(2061, 13, 8, 5, 89),
(2062, 13, 8, 6, 74),
(2063, 13, 8, 7, 95),
(2064, 13, 8, 8, 88),
(2065, 14, 8, 1, 98),
(2066, 14, 8, 2, 70),
(2067, 14, 8, 3, 73),
(2068, 14, 8, 4, 67),
(2069, 14, 8, 5, 85),
(2070, 14, 8, 6, 68),
(2071, 14, 8, 7, 74),
(2072, 14, 8, 8, 79),
(2073, 15, 8, 1, 82),
(2074, 15, 8, 2, 87),
(2075, 15, 8, 3, 89),
(2076, 15, 8, 4, 70),
(2077, 15, 8, 5, 96),
(2078, 15, 8, 6, 89),
(2079, 15, 8, 7, 91),
(2080, 15, 8, 8, 69),
(2081, 16, 8, 1, 76),
(2082, 16, 8, 2, 75),
(2083, 16, 8, 3, 70),
(2084, 16, 8, 4, 86),
(2085, 16, 8, 5, 90),
(2086, 16, 8, 6, 75),
(2087, 16, 8, 7, 71),
(2088, 16, 8, 8, 93),
(2089, 17, 8, 1, 84),
(2090, 17, 8, 2, 76),
(2091, 17, 8, 3, 79),
(2092, 17, 8, 4, 79),
(2093, 17, 8, 5, 88),
(2094, 17, 8, 6, 85),
(2095, 17, 8, 7, 94),
(2096, 17, 8, 8, 98),
(2097, 18, 8, 1, 91),
(2098, 18, 8, 2, 79),
(2099, 18, 8, 3, 93),
(2100, 18, 8, 4, 67),
(2101, 18, 8, 5, 92),
(2102, 18, 8, 6, 92),
(2103, 18, 8, 7, 88),
(2104, 18, 8, 8, 83),
(2105, 19, 8, 1, 100),
(2106, 19, 8, 2, 93),
(2107, 19, 8, 3, 73),
(2108, 19, 8, 4, 81),
(2109, 19, 8, 5, 90),
(2110, 19, 8, 6, 88),
(2111, 19, 8, 7, 98),
(2112, 19, 8, 8, 98),
(2113, 20, 8, 1, 99),
(2114, 20, 8, 2, 73),
(2115, 20, 8, 3, 98),
(2116, 20, 8, 4, 70),
(2117, 20, 8, 5, 83),
(2118, 20, 8, 6, 79),
(2119, 20, 8, 7, 84),
(2120, 20, 8, 8, 73),
(2121, 21, 8, 1, 89),
(2122, 21, 8, 2, 96),
(2123, 21, 8, 3, 96),
(2124, 21, 8, 4, 67),
(2125, 21, 8, 5, 93),
(2126, 21, 8, 6, 90),
(2127, 21, 8, 7, 93),
(2128, 21, 8, 8, 94),
(2129, 22, 8, 1, 91),
(2130, 22, 8, 2, 83),
(2131, 22, 8, 3, 77),
(2132, 22, 8, 4, 87),
(2133, 22, 8, 5, 89),
(2134, 22, 8, 6, 94),
(2135, 22, 8, 7, 84),
(2136, 22, 8, 8, 90),
(2137, 23, 8, 1, 75),
(2138, 23, 8, 2, 76),
(2139, 23, 8, 3, 72),
(2140, 23, 8, 4, 96),
(2141, 23, 8, 5, 91),
(2142, 23, 8, 6, 81),
(2143, 23, 8, 7, 70),
(2144, 23, 8, 8, 78),
(2145, 24, 8, 1, 95),
(2146, 24, 8, 2, 100),
(2147, 24, 8, 3, 90),
(2148, 24, 8, 4, 75),
(2149, 24, 8, 5, 67),
(2150, 24, 8, 6, 94),
(2151, 24, 8, 7, 80),
(2152, 24, 8, 8, 90),
(2153, 25, 8, 1, 85),
(2154, 25, 8, 2, 94),
(2155, 25, 8, 3, 94),
(2156, 25, 8, 4, 92),
(2157, 25, 8, 5, 73),
(2158, 25, 8, 6, 89),
(2159, 25, 8, 7, 90),
(2160, 25, 8, 8, 76),
(2161, 26, 8, 1, 99),
(2162, 26, 8, 2, 82),
(2163, 26, 8, 3, 95),
(2164, 26, 8, 4, 93),
(2165, 26, 8, 5, 77),
(2166, 26, 8, 6, 73),
(2167, 26, 8, 7, 96),
(2168, 26, 8, 8, 100),
(2169, 27, 8, 1, 75),
(2170, 27, 8, 2, 71),
(2171, 27, 8, 3, 87),
(2172, 27, 8, 4, 80),
(2173, 27, 8, 5, 99),
(2174, 27, 8, 6, 70),
(2175, 27, 8, 7, 75),
(2176, 27, 8, 8, 78),
(2177, 28, 8, 1, 98),
(2178, 28, 8, 2, 87),
(2179, 28, 8, 3, 82),
(2180, 28, 8, 4, 100),
(2181, 28, 8, 5, 75),
(2182, 28, 8, 6, 88),
(2183, 28, 8, 7, 91),
(2184, 28, 8, 8, 77),
(2185, 29, 8, 1, 71),
(2186, 29, 8, 2, 69),
(2187, 29, 8, 3, 75),
(2188, 29, 8, 4, 85),
(2189, 29, 8, 5, 94),
(2190, 29, 8, 6, 83),
(2191, 29, 8, 7, 86),
(2192, 29, 8, 8, 78),
(2193, 30, 8, 1, 81),
(2194, 30, 8, 2, 75),
(2195, 30, 8, 3, 77),
(2196, 30, 8, 4, 86),
(2197, 30, 8, 5, 89),
(2198, 30, 8, 6, 98),
(2199, 30, 8, 7, 90),
(2200, 30, 8, 8, 80),
(2201, 31, 8, 1, 98),
(2202, 31, 8, 2, 78),
(2203, 31, 8, 3, 84),
(2204, 31, 8, 4, 67),
(2205, 31, 8, 5, 81),
(2206, 31, 8, 6, 87),
(2207, 31, 8, 7, 80),
(2208, 31, 8, 8, 99),
(2209, 32, 8, 1, 74),
(2210, 32, 8, 2, 69),
(2211, 32, 8, 3, 72),
(2212, 32, 8, 4, 77),
(2213, 32, 8, 5, 74),
(2214, 32, 8, 6, 93),
(2215, 32, 8, 7, 84),
(2216, 32, 8, 8, 100),
(2217, 33, 8, 1, 81),
(2218, 33, 8, 2, 90),
(2219, 33, 8, 3, 71),
(2220, 33, 8, 4, 82),
(2221, 33, 8, 5, 88),
(2222, 33, 8, 6, 72),
(2223, 33, 8, 7, 81),
(2224, 33, 8, 8, 100),
(2225, 34, 8, 1, 70),
(2226, 34, 8, 2, 97),
(2227, 34, 8, 3, 92),
(2228, 34, 8, 4, 99),
(2229, 34, 8, 5, 91),
(2230, 34, 8, 6, 100),
(2231, 34, 8, 7, 100),
(2232, 34, 8, 8, 96),
(2233, 35, 8, 1, 78),
(2234, 35, 8, 2, 97),
(2235, 35, 8, 3, 97),
(2236, 35, 8, 4, 91),
(2237, 35, 8, 5, 71),
(2238, 35, 8, 6, 99),
(2239, 35, 8, 7, 83),
(2240, 35, 8, 8, 72),
(2241, 1, 9, 1, 76),
(2242, 1, 9, 2, 100),
(2243, 1, 9, 3, 86),
(2244, 1, 9, 4, 83),
(2245, 1, 9, 5, 74),
(2246, 1, 9, 6, 72),
(2247, 1, 9, 7, 70),
(2248, 1, 9, 8, 98),
(2249, 2, 9, 1, 83),
(2250, 2, 9, 2, 99),
(2251, 2, 9, 3, 77),
(2252, 2, 9, 4, 83),
(2253, 2, 9, 5, 97),
(2254, 2, 9, 6, 67),
(2255, 2, 9, 7, 96),
(2256, 2, 9, 8, 80),
(2257, 3, 9, 1, 92),
(2258, 3, 9, 2, 75),
(2259, 3, 9, 3, 77),
(2260, 3, 9, 4, 79),
(2261, 3, 9, 5, 82),
(2262, 3, 9, 6, 72),
(2263, 3, 9, 7, 82),
(2264, 3, 9, 8, 83),
(2265, 4, 9, 1, 74),
(2266, 4, 9, 2, 92),
(2267, 4, 9, 3, 84),
(2268, 4, 9, 4, 91),
(2269, 4, 9, 5, 86),
(2270, 4, 9, 6, 100),
(2271, 4, 9, 7, 79),
(2272, 4, 9, 8, 76),
(2273, 5, 9, 1, 89),
(2274, 5, 9, 2, 93),
(2275, 5, 9, 3, 81),
(2276, 5, 9, 4, 89),
(2277, 5, 9, 5, 84),
(2278, 5, 9, 6, 76),
(2279, 5, 9, 7, 86),
(2280, 5, 9, 8, 79),
(2281, 6, 9, 1, 75),
(2282, 6, 9, 2, 72),
(2283, 6, 9, 3, 100),
(2284, 6, 9, 4, 92),
(2285, 6, 9, 5, 100),
(2286, 6, 9, 6, 81),
(2287, 6, 9, 7, 84),
(2288, 6, 9, 8, 95),
(2289, 7, 9, 1, 93),
(2290, 7, 9, 2, 76),
(2291, 7, 9, 3, 90),
(2292, 7, 9, 4, 71),
(2293, 7, 9, 5, 72),
(2294, 7, 9, 6, 76),
(2295, 7, 9, 7, 74),
(2296, 7, 9, 8, 77),
(2297, 8, 9, 1, 80),
(2298, 8, 9, 2, 99),
(2299, 8, 9, 3, 83),
(2300, 8, 9, 4, 79),
(2301, 8, 9, 5, 95),
(2302, 8, 9, 6, 71),
(2303, 8, 9, 7, 69),
(2304, 8, 9, 8, 95),
(2305, 9, 9, 1, 96),
(2306, 9, 9, 2, 85),
(2307, 9, 9, 3, 96),
(2308, 9, 9, 4, 85),
(2309, 9, 9, 5, 72),
(2310, 9, 9, 6, 97),
(2311, 9, 9, 7, 71),
(2312, 9, 9, 8, 67),
(2313, 10, 9, 1, 79),
(2314, 10, 9, 2, 96),
(2315, 10, 9, 3, 92),
(2316, 10, 9, 4, 75),
(2317, 10, 9, 5, 97),
(2318, 10, 9, 6, 95),
(2319, 10, 9, 7, 93),
(2320, 10, 9, 8, 100),
(2321, 11, 9, 1, 89),
(2322, 11, 9, 2, 76),
(2323, 11, 9, 3, 89),
(2324, 11, 9, 4, 88),
(2325, 11, 9, 5, 74),
(2326, 11, 9, 6, 96),
(2327, 11, 9, 7, 68),
(2328, 11, 9, 8, 77),
(2329, 12, 9, 1, 98),
(2330, 12, 9, 2, 88),
(2331, 12, 9, 3, 86),
(2332, 12, 9, 4, 74),
(2333, 12, 9, 5, 97),
(2334, 12, 9, 6, 76),
(2335, 12, 9, 7, 80),
(2336, 12, 9, 8, 69),
(2337, 13, 9, 1, 97),
(2338, 13, 9, 2, 76),
(2339, 13, 9, 3, 97),
(2340, 13, 9, 4, 71),
(2341, 13, 9, 5, 71),
(2342, 13, 9, 6, 99),
(2343, 13, 9, 7, 93),
(2344, 13, 9, 8, 97),
(2345, 14, 9, 1, 94),
(2346, 14, 9, 2, 67),
(2347, 14, 9, 3, 88),
(2348, 14, 9, 4, 100),
(2349, 14, 9, 5, 88),
(2350, 14, 9, 6, 74),
(2351, 14, 9, 7, 89),
(2352, 14, 9, 8, 96),
(2353, 15, 9, 1, 79),
(2354, 15, 9, 2, 75),
(2355, 15, 9, 3, 75),
(2356, 15, 9, 4, 95),
(2357, 15, 9, 5, 88),
(2358, 15, 9, 6, 98),
(2359, 15, 9, 7, 67),
(2360, 15, 9, 8, 85),
(2361, 16, 9, 1, 93),
(2362, 16, 9, 2, 93),
(2363, 16, 9, 3, 91),
(2364, 16, 9, 4, 77),
(2365, 16, 9, 5, 95),
(2366, 16, 9, 6, 80),
(2367, 16, 9, 7, 77),
(2368, 16, 9, 8, 69),
(2369, 17, 9, 1, 94),
(2370, 17, 9, 2, 99),
(2371, 17, 9, 3, 84),
(2372, 17, 9, 4, 82),
(2373, 17, 9, 5, 82),
(2374, 17, 9, 6, 83),
(2375, 17, 9, 7, 84),
(2376, 17, 9, 8, 100),
(2377, 18, 9, 1, 87),
(2378, 18, 9, 2, 89),
(2379, 18, 9, 3, 87),
(2380, 18, 9, 4, 98),
(2381, 18, 9, 5, 75),
(2382, 18, 9, 6, 85),
(2383, 18, 9, 7, 70),
(2384, 18, 9, 8, 82),
(2385, 19, 9, 1, 98),
(2386, 19, 9, 2, 73),
(2387, 19, 9, 3, 81),
(2388, 19, 9, 4, 93),
(2389, 19, 9, 5, 79),
(2390, 19, 9, 6, 81),
(2391, 19, 9, 7, 68),
(2392, 19, 9, 8, 67),
(2393, 20, 9, 1, 67),
(2394, 20, 9, 2, 80),
(2395, 20, 9, 3, 100),
(2396, 20, 9, 4, 87),
(2397, 20, 9, 5, 87),
(2398, 20, 9, 6, 82),
(2399, 20, 9, 7, 94),
(2400, 20, 9, 8, 92),
(2401, 21, 9, 1, 85),
(2402, 21, 9, 2, 88),
(2403, 21, 9, 3, 91),
(2404, 21, 9, 4, 84),
(2405, 21, 9, 5, 71),
(2406, 21, 9, 6, 83),
(2407, 21, 9, 7, 78),
(2408, 21, 9, 8, 77),
(2409, 22, 9, 1, 92),
(2410, 22, 9, 2, 92),
(2411, 22, 9, 3, 88),
(2412, 22, 9, 4, 69),
(2413, 22, 9, 5, 90),
(2414, 22, 9, 6, 96),
(2415, 22, 9, 7, 72),
(2416, 22, 9, 8, 92),
(2417, 23, 9, 1, 78),
(2418, 23, 9, 2, 69),
(2419, 23, 9, 3, 73),
(2420, 23, 9, 4, 81),
(2421, 23, 9, 5, 82),
(2422, 23, 9, 6, 81),
(2423, 23, 9, 7, 72),
(2424, 23, 9, 8, 89),
(2425, 24, 9, 1, 86),
(2426, 24, 9, 2, 83),
(2427, 24, 9, 3, 78),
(2428, 24, 9, 4, 70),
(2429, 24, 9, 5, 74),
(2430, 24, 9, 6, 84),
(2431, 24, 9, 7, 97),
(2432, 24, 9, 8, 72),
(2433, 25, 9, 1, 70),
(2434, 25, 9, 2, 76),
(2435, 25, 9, 3, 85),
(2436, 25, 9, 4, 76),
(2437, 25, 9, 5, 71),
(2438, 25, 9, 6, 100),
(2439, 25, 9, 7, 76),
(2440, 25, 9, 8, 95),
(2441, 26, 9, 1, 74),
(2442, 26, 9, 2, 77),
(2443, 26, 9, 3, 93),
(2444, 26, 9, 4, 82),
(2445, 26, 9, 5, 99),
(2446, 26, 9, 6, 72),
(2447, 26, 9, 7, 93),
(2448, 26, 9, 8, 93),
(2449, 27, 9, 1, 87),
(2450, 27, 9, 2, 99),
(2451, 27, 9, 3, 85),
(2452, 27, 9, 4, 93),
(2453, 27, 9, 5, 97),
(2454, 27, 9, 6, 97),
(2455, 27, 9, 7, 80),
(2456, 27, 9, 8, 86),
(2457, 28, 9, 1, 82),
(2458, 28, 9, 2, 68),
(2459, 28, 9, 3, 93),
(2460, 28, 9, 4, 96),
(2461, 28, 9, 5, 89),
(2462, 28, 9, 6, 84),
(2463, 28, 9, 7, 86),
(2464, 28, 9, 8, 77),
(2465, 29, 9, 1, 85),
(2466, 29, 9, 2, 97),
(2467, 29, 9, 3, 99),
(2468, 29, 9, 4, 92),
(2469, 29, 9, 5, 83),
(2470, 29, 9, 6, 98),
(2471, 29, 9, 7, 77),
(2472, 29, 9, 8, 87),
(2473, 30, 9, 1, 68),
(2474, 30, 9, 2, 79),
(2475, 30, 9, 3, 68),
(2476, 30, 9, 4, 68),
(2477, 30, 9, 5, 70),
(2478, 30, 9, 6, 80),
(2479, 30, 9, 7, 67),
(2480, 30, 9, 8, 84),
(2481, 31, 9, 1, 90),
(2482, 31, 9, 2, 94),
(2483, 31, 9, 3, 84),
(2484, 31, 9, 4, 96),
(2485, 31, 9, 5, 89),
(2486, 31, 9, 6, 94),
(2487, 31, 9, 7, 91),
(2488, 31, 9, 8, 90),
(2489, 32, 9, 1, 91),
(2490, 32, 9, 2, 68),
(2491, 32, 9, 3, 77),
(2492, 32, 9, 4, 94),
(2493, 32, 9, 5, 99),
(2494, 32, 9, 6, 84),
(2495, 32, 9, 7, 96),
(2496, 32, 9, 8, 72),
(2497, 33, 9, 1, 94),
(2498, 33, 9, 2, 82),
(2499, 33, 9, 3, 99),
(2500, 33, 9, 4, 98),
(2501, 33, 9, 5, 73),
(2502, 33, 9, 6, 78),
(2503, 33, 9, 7, 81),
(2504, 33, 9, 8, 86),
(2505, 34, 9, 1, 74),
(2506, 34, 9, 2, 96),
(2507, 34, 9, 3, 79),
(2508, 34, 9, 4, 96),
(2509, 34, 9, 5, 69),
(2510, 34, 9, 6, 87),
(2511, 34, 9, 7, 95),
(2512, 34, 9, 8, 100),
(2513, 35, 9, 1, 88),
(2514, 35, 9, 2, 87),
(2515, 35, 9, 3, 68),
(2516, 35, 9, 4, 90),
(2517, 35, 9, 5, 94),
(2518, 35, 9, 6, 74),
(2519, 35, 9, 7, 71),
(2520, 35, 9, 8, 67),
(2521, 1, 10, 1, 77),
(2522, 1, 10, 2, 85),
(2523, 1, 10, 3, 99),
(2524, 1, 10, 4, 100),
(2525, 1, 10, 5, 70),
(2526, 1, 10, 6, 82),
(2527, 1, 10, 7, 92),
(2528, 1, 10, 8, 91),
(2529, 2, 10, 1, 98),
(2530, 2, 10, 2, 67),
(2531, 2, 10, 3, 85),
(2532, 2, 10, 4, 96),
(2533, 2, 10, 5, 75),
(2534, 2, 10, 6, 74),
(2535, 2, 10, 7, 88),
(2536, 2, 10, 8, 92),
(2537, 3, 10, 1, 91),
(2538, 3, 10, 2, 95),
(2539, 3, 10, 3, 94),
(2540, 3, 10, 4, 97),
(2541, 3, 10, 5, 96),
(2542, 3, 10, 6, 94),
(2543, 3, 10, 7, 76),
(2544, 3, 10, 8, 72),
(2545, 4, 10, 1, 81),
(2546, 4, 10, 2, 80),
(2547, 4, 10, 3, 73),
(2548, 4, 10, 4, 74),
(2549, 4, 10, 5, 75),
(2550, 4, 10, 6, 69),
(2551, 4, 10, 7, 88),
(2552, 4, 10, 8, 85),
(2553, 5, 10, 1, 74),
(2554, 5, 10, 2, 84),
(2555, 5, 10, 3, 89),
(2556, 5, 10, 4, 79),
(2557, 5, 10, 5, 70),
(2558, 5, 10, 6, 79),
(2559, 5, 10, 7, 73),
(2560, 5, 10, 8, 67),
(2561, 6, 10, 1, 96),
(2562, 6, 10, 2, 84),
(2563, 6, 10, 3, 91),
(2564, 6, 10, 4, 83),
(2565, 6, 10, 5, 88),
(2566, 6, 10, 6, 85),
(2567, 6, 10, 7, 98),
(2568, 6, 10, 8, 72),
(2569, 7, 10, 1, 86),
(2570, 7, 10, 2, 76),
(2571, 7, 10, 3, 77),
(2572, 7, 10, 4, 72),
(2573, 7, 10, 5, 85),
(2574, 7, 10, 6, 99),
(2575, 7, 10, 7, 76),
(2576, 7, 10, 8, 69),
(2577, 8, 10, 1, 68),
(2578, 8, 10, 2, 71);
INSERT INTO `ulangan_harian` (`id_ulangan`, `id_mengajar`, `id_daftar_nilai`, `ulangan_ke`, `nilai`) VALUES
(2579, 8, 10, 3, 98),
(2580, 8, 10, 4, 82),
(2581, 8, 10, 5, 69),
(2582, 8, 10, 6, 80),
(2583, 8, 10, 7, 75),
(2584, 8, 10, 8, 78),
(2585, 9, 10, 1, 84),
(2586, 9, 10, 2, 98),
(2587, 9, 10, 3, 83),
(2588, 9, 10, 4, 100),
(2589, 9, 10, 5, 98),
(2590, 9, 10, 6, 76),
(2591, 9, 10, 7, 76),
(2592, 9, 10, 8, 68),
(2593, 10, 10, 1, 90),
(2594, 10, 10, 2, 100),
(2595, 10, 10, 3, 84),
(2596, 10, 10, 4, 95),
(2597, 10, 10, 5, 78),
(2598, 10, 10, 6, 79),
(2599, 10, 10, 7, 78),
(2600, 10, 10, 8, 93),
(2601, 11, 10, 1, 93),
(2602, 11, 10, 2, 73),
(2603, 11, 10, 3, 98),
(2604, 11, 10, 4, 88),
(2605, 11, 10, 5, 68),
(2606, 11, 10, 6, 69),
(2607, 11, 10, 7, 97),
(2608, 11, 10, 8, 90),
(2609, 12, 10, 1, 84),
(2610, 12, 10, 2, 96),
(2611, 12, 10, 3, 75),
(2612, 12, 10, 4, 81),
(2613, 12, 10, 5, 74),
(2614, 12, 10, 6, 74),
(2615, 12, 10, 7, 98),
(2616, 12, 10, 8, 77),
(2617, 13, 10, 1, 71),
(2618, 13, 10, 2, 95),
(2619, 13, 10, 3, 80),
(2620, 13, 10, 4, 94),
(2621, 13, 10, 5, 87),
(2622, 13, 10, 6, 71),
(2623, 13, 10, 7, 98),
(2624, 13, 10, 8, 92),
(2625, 14, 10, 1, 78),
(2626, 14, 10, 2, 82),
(2627, 14, 10, 3, 97),
(2628, 14, 10, 4, 98),
(2629, 14, 10, 5, 81),
(2630, 14, 10, 6, 89),
(2631, 14, 10, 7, 94),
(2632, 14, 10, 8, 88),
(2633, 15, 10, 1, 77),
(2634, 15, 10, 2, 86),
(2635, 15, 10, 3, 89),
(2636, 15, 10, 4, 77),
(2637, 15, 10, 5, 80),
(2638, 15, 10, 6, 72),
(2639, 15, 10, 7, 70),
(2640, 15, 10, 8, 67),
(2641, 16, 10, 1, 95),
(2642, 16, 10, 2, 85),
(2643, 16, 10, 3, 72),
(2644, 16, 10, 4, 70),
(2645, 16, 10, 5, 91),
(2646, 16, 10, 6, 83),
(2647, 16, 10, 7, 91),
(2648, 16, 10, 8, 84),
(2649, 17, 10, 1, 70),
(2650, 17, 10, 2, 73),
(2651, 17, 10, 3, 81),
(2652, 17, 10, 4, 96),
(2653, 17, 10, 5, 71),
(2654, 17, 10, 6, 99),
(2655, 17, 10, 7, 72),
(2656, 17, 10, 8, 74),
(2657, 18, 10, 1, 94),
(2658, 18, 10, 2, 96),
(2659, 18, 10, 3, 95),
(2660, 18, 10, 4, 90),
(2661, 18, 10, 5, 95),
(2662, 18, 10, 6, 81),
(2663, 18, 10, 7, 80),
(2664, 18, 10, 8, 90),
(2665, 19, 10, 1, 74),
(2666, 19, 10, 2, 81),
(2667, 19, 10, 3, 82),
(2668, 19, 10, 4, 74),
(2669, 19, 10, 5, 86),
(2670, 19, 10, 6, 74),
(2671, 19, 10, 7, 97),
(2672, 19, 10, 8, 69),
(2673, 20, 10, 1, 100),
(2674, 20, 10, 2, 73),
(2675, 20, 10, 3, 90),
(2676, 20, 10, 4, 83),
(2677, 20, 10, 5, 85),
(2678, 20, 10, 6, 74),
(2679, 20, 10, 7, 87),
(2680, 20, 10, 8, 98),
(2681, 21, 10, 1, 80),
(2682, 21, 10, 2, 67),
(2683, 21, 10, 3, 84),
(2684, 21, 10, 4, 71),
(2685, 21, 10, 5, 83),
(2686, 21, 10, 6, 92),
(2687, 21, 10, 7, 67),
(2688, 21, 10, 8, 79),
(2689, 22, 10, 1, 71),
(2690, 22, 10, 2, 75),
(2691, 22, 10, 3, 81),
(2692, 22, 10, 4, 74),
(2693, 22, 10, 5, 87),
(2694, 22, 10, 6, 88),
(2695, 22, 10, 7, 69),
(2696, 22, 10, 8, 100),
(2697, 23, 10, 1, 81),
(2698, 23, 10, 2, 92),
(2699, 23, 10, 3, 78),
(2700, 23, 10, 4, 78),
(2701, 23, 10, 5, 87),
(2702, 23, 10, 6, 75),
(2703, 23, 10, 7, 76),
(2704, 23, 10, 8, 95),
(2705, 24, 10, 1, 67),
(2706, 24, 10, 2, 94),
(2707, 24, 10, 3, 93),
(2708, 24, 10, 4, 87),
(2709, 24, 10, 5, 92),
(2710, 24, 10, 6, 81),
(2711, 24, 10, 7, 86),
(2712, 24, 10, 8, 86),
(2713, 25, 10, 1, 68),
(2714, 25, 10, 2, 78),
(2715, 25, 10, 3, 91),
(2716, 25, 10, 4, 87),
(2717, 25, 10, 5, 90),
(2718, 25, 10, 6, 84),
(2719, 25, 10, 7, 82),
(2720, 25, 10, 8, 75),
(2721, 26, 10, 1, 77),
(2722, 26, 10, 2, 87),
(2723, 26, 10, 3, 86),
(2724, 26, 10, 4, 82),
(2725, 26, 10, 5, 91),
(2726, 26, 10, 6, 78),
(2727, 26, 10, 7, 96),
(2728, 26, 10, 8, 83),
(2729, 27, 10, 1, 67),
(2730, 27, 10, 2, 84),
(2731, 27, 10, 3, 78),
(2732, 27, 10, 4, 90),
(2733, 27, 10, 5, 83),
(2734, 27, 10, 6, 75),
(2735, 27, 10, 7, 76),
(2736, 27, 10, 8, 78),
(2737, 28, 10, 1, 95),
(2738, 28, 10, 2, 80),
(2739, 28, 10, 3, 83),
(2740, 28, 10, 4, 82),
(2741, 28, 10, 5, 76),
(2742, 28, 10, 6, 70),
(2743, 28, 10, 7, 89),
(2744, 28, 10, 8, 81),
(2745, 29, 10, 1, 68),
(2746, 29, 10, 2, 70),
(2747, 29, 10, 3, 100),
(2748, 29, 10, 4, 77),
(2749, 29, 10, 5, 92),
(2750, 29, 10, 6, 75),
(2751, 29, 10, 7, 83),
(2752, 29, 10, 8, 96),
(2753, 30, 10, 1, 78),
(2754, 30, 10, 2, 98),
(2755, 30, 10, 3, 77),
(2756, 30, 10, 4, 80),
(2757, 30, 10, 5, 72),
(2758, 30, 10, 6, 83),
(2759, 30, 10, 7, 91),
(2760, 30, 10, 8, 73),
(2761, 31, 10, 1, 98),
(2762, 31, 10, 2, 93),
(2763, 31, 10, 3, 81),
(2764, 31, 10, 4, 75),
(2765, 31, 10, 5, 74),
(2766, 31, 10, 6, 74),
(2767, 31, 10, 7, 95),
(2768, 31, 10, 8, 85),
(2769, 32, 10, 1, 85),
(2770, 32, 10, 2, 99),
(2771, 32, 10, 3, 93),
(2772, 32, 10, 4, 67),
(2773, 32, 10, 5, 71),
(2774, 32, 10, 6, 75),
(2775, 32, 10, 7, 94),
(2776, 32, 10, 8, 84),
(2777, 33, 10, 1, 80),
(2778, 33, 10, 2, 78),
(2779, 33, 10, 3, 79),
(2780, 33, 10, 4, 75),
(2781, 33, 10, 5, 88),
(2782, 33, 10, 6, 98),
(2783, 33, 10, 7, 70),
(2784, 33, 10, 8, 73),
(2785, 34, 10, 1, 73),
(2786, 34, 10, 2, 74),
(2787, 34, 10, 3, 89),
(2788, 34, 10, 4, 68),
(2789, 34, 10, 5, 99),
(2790, 34, 10, 6, 71),
(2791, 34, 10, 7, 90),
(2792, 34, 10, 8, 71),
(2793, 35, 10, 1, 73),
(2794, 35, 10, 2, 84),
(2795, 35, 10, 3, 87),
(2796, 35, 10, 4, 68),
(2797, 35, 10, 5, 93),
(2798, 35, 10, 6, 72),
(2799, 35, 10, 7, 67),
(2800, 35, 10, 8, 83),
(2801, 1, 11, 1, 69),
(2802, 1, 11, 2, 83),
(2803, 1, 11, 3, 90),
(2804, 1, 11, 4, 76),
(2805, 1, 11, 5, 78),
(2806, 1, 11, 6, 96),
(2807, 1, 11, 7, 69),
(2808, 1, 11, 8, 94),
(2809, 2, 11, 1, 69),
(2810, 2, 11, 2, 68),
(2811, 2, 11, 3, 96),
(2812, 2, 11, 4, 80),
(2813, 2, 11, 5, 79),
(2814, 2, 11, 6, 87),
(2815, 2, 11, 7, 78),
(2816, 2, 11, 8, 74),
(2817, 3, 11, 1, 97),
(2818, 3, 11, 2, 83),
(2819, 3, 11, 3, 87),
(2820, 3, 11, 4, 81),
(2821, 3, 11, 5, 69),
(2822, 3, 11, 6, 74),
(2823, 3, 11, 7, 92),
(2824, 3, 11, 8, 77),
(2825, 4, 11, 1, 94),
(2826, 4, 11, 2, 90),
(2827, 4, 11, 3, 96),
(2828, 4, 11, 4, 68),
(2829, 4, 11, 5, 73),
(2830, 4, 11, 6, 68),
(2831, 4, 11, 7, 93),
(2832, 4, 11, 8, 71),
(2833, 5, 11, 1, 82),
(2834, 5, 11, 2, 100),
(2835, 5, 11, 3, 72),
(2836, 5, 11, 4, 76),
(2837, 5, 11, 5, 97),
(2838, 5, 11, 6, 99),
(2839, 5, 11, 7, 81),
(2840, 5, 11, 8, 78),
(2841, 6, 11, 1, 70),
(2842, 6, 11, 2, 74),
(2843, 6, 11, 3, 81),
(2844, 6, 11, 4, 92),
(2845, 6, 11, 5, 99),
(2846, 6, 11, 6, 75),
(2847, 6, 11, 7, 71),
(2848, 6, 11, 8, 100),
(2849, 7, 11, 1, 82),
(2850, 7, 11, 2, 91),
(2851, 7, 11, 3, 71),
(2852, 7, 11, 4, 85),
(2853, 7, 11, 5, 86),
(2854, 7, 11, 6, 93),
(2855, 7, 11, 7, 97),
(2856, 7, 11, 8, 90),
(2857, 8, 11, 1, 92),
(2858, 8, 11, 2, 79),
(2859, 8, 11, 3, 75),
(2860, 8, 11, 4, 75),
(2861, 8, 11, 5, 82),
(2862, 8, 11, 6, 98),
(2863, 8, 11, 7, 71),
(2864, 8, 11, 8, 84),
(2865, 9, 11, 1, 89),
(2866, 9, 11, 2, 82),
(2867, 9, 11, 3, 75),
(2868, 9, 11, 4, 100),
(2869, 9, 11, 5, 94),
(2870, 9, 11, 6, 84),
(2871, 9, 11, 7, 96),
(2872, 9, 11, 8, 69),
(2873, 10, 11, 1, 83),
(2874, 10, 11, 2, 96),
(2875, 10, 11, 3, 70),
(2876, 10, 11, 4, 78),
(2877, 10, 11, 5, 80),
(2878, 10, 11, 6, 95),
(2879, 10, 11, 7, 85),
(2880, 10, 11, 8, 82),
(2881, 11, 11, 1, 95),
(2882, 11, 11, 2, 98),
(2883, 11, 11, 3, 75),
(2884, 11, 11, 4, 79),
(2885, 11, 11, 5, 80),
(2886, 11, 11, 6, 95),
(2887, 11, 11, 7, 71),
(2888, 11, 11, 8, 76),
(2889, 12, 11, 1, 68),
(2890, 12, 11, 2, 83),
(2891, 12, 11, 3, 91),
(2892, 12, 11, 4, 90),
(2893, 12, 11, 5, 85),
(2894, 12, 11, 6, 93),
(2895, 12, 11, 7, 70),
(2896, 12, 11, 8, 87),
(2897, 13, 11, 1, 92),
(2898, 13, 11, 2, 97),
(2899, 13, 11, 3, 98),
(2900, 13, 11, 4, 81),
(2901, 13, 11, 5, 68),
(2902, 13, 11, 6, 84),
(2903, 13, 11, 7, 80),
(2904, 13, 11, 8, 67),
(2905, 14, 11, 1, 73),
(2906, 14, 11, 2, 100),
(2907, 14, 11, 3, 95),
(2908, 14, 11, 4, 71),
(2909, 14, 11, 5, 89),
(2910, 14, 11, 6, 81),
(2911, 14, 11, 7, 85),
(2912, 14, 11, 8, 89),
(2913, 15, 11, 1, 70),
(2914, 15, 11, 2, 70),
(2915, 15, 11, 3, 100),
(2916, 15, 11, 4, 97),
(2917, 15, 11, 5, 85),
(2918, 15, 11, 6, 78),
(2919, 15, 11, 7, 82),
(2920, 15, 11, 8, 69),
(2921, 16, 11, 1, 89),
(2922, 16, 11, 2, 70),
(2923, 16, 11, 3, 75),
(2924, 16, 11, 4, 79),
(2925, 16, 11, 5, 83),
(2926, 16, 11, 6, 86),
(2927, 16, 11, 7, 88),
(2928, 16, 11, 8, 80),
(2929, 17, 11, 1, 89),
(2930, 17, 11, 2, 77),
(2931, 17, 11, 3, 73),
(2932, 17, 11, 4, 86),
(2933, 17, 11, 5, 88),
(2934, 17, 11, 6, 67),
(2935, 17, 11, 7, 68),
(2936, 17, 11, 8, 73),
(2937, 18, 11, 1, 75),
(2938, 18, 11, 2, 86),
(2939, 18, 11, 3, 90),
(2940, 18, 11, 4, 71),
(2941, 18, 11, 5, 93),
(2942, 18, 11, 6, 100),
(2943, 18, 11, 7, 71),
(2944, 18, 11, 8, 86),
(2945, 19, 11, 1, 72),
(2946, 19, 11, 2, 75),
(2947, 19, 11, 3, 76),
(2948, 19, 11, 4, 72),
(2949, 19, 11, 5, 69),
(2950, 19, 11, 6, 77),
(2951, 19, 11, 7, 97),
(2952, 19, 11, 8, 71),
(2953, 20, 11, 1, 89),
(2954, 20, 11, 2, 72),
(2955, 20, 11, 3, 97),
(2956, 20, 11, 4, 74),
(2957, 20, 11, 5, 76),
(2958, 20, 11, 6, 79),
(2959, 20, 11, 7, 93),
(2960, 20, 11, 8, 98),
(2961, 21, 11, 1, 80),
(2962, 21, 11, 2, 89),
(2963, 21, 11, 3, 68),
(2964, 21, 11, 4, 81),
(2965, 21, 11, 5, 86),
(2966, 21, 11, 6, 99),
(2967, 21, 11, 7, 93),
(2968, 21, 11, 8, 87),
(2969, 22, 11, 1, 88),
(2970, 22, 11, 2, 88),
(2971, 22, 11, 3, 88),
(2972, 22, 11, 4, 79),
(2973, 22, 11, 5, 91),
(2974, 22, 11, 6, 83),
(2975, 22, 11, 7, 77),
(2976, 22, 11, 8, 74),
(2977, 23, 11, 1, 70),
(2978, 23, 11, 2, 78),
(2979, 23, 11, 3, 73),
(2980, 23, 11, 4, 71),
(2981, 23, 11, 5, 98),
(2982, 23, 11, 6, 92),
(2983, 23, 11, 7, 81),
(2984, 23, 11, 8, 79),
(2985, 24, 11, 1, 100),
(2986, 24, 11, 2, 90),
(2987, 24, 11, 3, 89),
(2988, 24, 11, 4, 78),
(2989, 24, 11, 5, 97),
(2990, 24, 11, 6, 70),
(2991, 24, 11, 7, 84),
(2992, 24, 11, 8, 72),
(2993, 25, 11, 1, 67),
(2994, 25, 11, 2, 67),
(2995, 25, 11, 3, 83),
(2996, 25, 11, 4, 67),
(2997, 25, 11, 5, 96),
(2998, 25, 11, 6, 80),
(2999, 25, 11, 7, 86),
(3000, 25, 11, 8, 73),
(3001, 26, 11, 1, 80),
(3002, 26, 11, 2, 71),
(3003, 26, 11, 3, 90),
(3004, 26, 11, 4, 95),
(3005, 26, 11, 5, 84),
(3006, 26, 11, 6, 99),
(3007, 26, 11, 7, 70),
(3008, 26, 11, 8, 86),
(3009, 27, 11, 1, 96),
(3010, 27, 11, 2, 81),
(3011, 27, 11, 3, 90),
(3012, 27, 11, 4, 95),
(3013, 27, 11, 5, 71),
(3014, 27, 11, 6, 89),
(3015, 27, 11, 7, 68),
(3016, 27, 11, 8, 95),
(3017, 28, 11, 1, 88),
(3018, 28, 11, 2, 90),
(3019, 28, 11, 3, 83),
(3020, 28, 11, 4, 88),
(3021, 28, 11, 5, 79),
(3022, 28, 11, 6, 94),
(3023, 28, 11, 7, 95),
(3024, 28, 11, 8, 71),
(3025, 29, 11, 1, 82),
(3026, 29, 11, 2, 77),
(3027, 29, 11, 3, 85),
(3028, 29, 11, 4, 78),
(3029, 29, 11, 5, 83),
(3030, 29, 11, 6, 76),
(3031, 29, 11, 7, 84),
(3032, 29, 11, 8, 68),
(3033, 30, 11, 1, 83),
(3034, 30, 11, 2, 71),
(3035, 30, 11, 3, 94),
(3036, 30, 11, 4, 84),
(3037, 30, 11, 5, 72),
(3038, 30, 11, 6, 81),
(3039, 30, 11, 7, 83),
(3040, 30, 11, 8, 88),
(3041, 31, 11, 1, 83),
(3042, 31, 11, 2, 82),
(3043, 31, 11, 3, 93),
(3044, 31, 11, 4, 75),
(3045, 31, 11, 5, 89),
(3046, 31, 11, 6, 68),
(3047, 31, 11, 7, 92),
(3048, 31, 11, 8, 84),
(3049, 32, 11, 1, 89),
(3050, 32, 11, 2, 72),
(3051, 32, 11, 3, 81),
(3052, 32, 11, 4, 72),
(3053, 32, 11, 5, 90),
(3054, 32, 11, 6, 84),
(3055, 32, 11, 7, 92),
(3056, 32, 11, 8, 94),
(3057, 33, 11, 1, 91),
(3058, 33, 11, 2, 87),
(3059, 33, 11, 3, 73),
(3060, 33, 11, 4, 79),
(3061, 33, 11, 5, 81),
(3062, 33, 11, 6, 89),
(3063, 33, 11, 7, 84),
(3064, 33, 11, 8, 69),
(3065, 34, 11, 1, 98),
(3066, 34, 11, 2, 86),
(3067, 34, 11, 3, 68),
(3068, 34, 11, 4, 80),
(3069, 34, 11, 5, 89),
(3070, 34, 11, 6, 95),
(3071, 34, 11, 7, 82),
(3072, 34, 11, 8, 81),
(3073, 35, 11, 1, 98),
(3074, 35, 11, 2, 83),
(3075, 35, 11, 3, 83),
(3076, 35, 11, 4, 80),
(3077, 35, 11, 5, 85),
(3078, 35, 11, 6, 97),
(3079, 35, 11, 7, 85),
(3080, 35, 11, 8, 81);

-- --------------------------------------------------------

--
-- Struktur dari tabel `uts`
--

CREATE TABLE IF NOT EXISTS `uts` (
`id_uts` int(11) NOT NULL,
  `id_mengajar` int(11) NOT NULL,
  `id_daftar_nilai` int(11) NOT NULL,
  `tulis` int(3) NOT NULL,
  `praktek` int(3) NOT NULL
) ENGINE=InnoDB  DEFAULT CHARSET=latin1 AUTO_INCREMENT=386 ;

--
-- Dumping data untuk tabel `uts`
--

INSERT INTO `uts` (`id_uts`, `id_mengajar`, `id_daftar_nilai`, `tulis`, `praktek`) VALUES
(1, 1, 1, 77, 72),
(2, 2, 1, 81, 100),
(3, 3, 1, 68, 78),
(4, 4, 1, 74, 85),
(5, 5, 1, 87, 75),
(6, 6, 1, 74, 90),
(7, 7, 1, 90, 87),
(8, 8, 1, 71, 72),
(9, 9, 1, 70, 72),
(10, 10, 1, 90, 92),
(11, 11, 1, 85, 89),
(12, 12, 1, 91, 72),
(13, 13, 1, 94, 97),
(14, 14, 1, 98, 71),
(15, 15, 1, 88, 87),
(16, 16, 1, 68, 83),
(17, 17, 1, 92, 84),
(18, 18, 1, 95, 97),
(19, 19, 1, 98, 79),
(20, 20, 1, 69, 71),
(21, 21, 1, 97, 99),
(22, 22, 1, 83, 100),
(23, 23, 1, 82, 100),
(24, 24, 1, 95, 72),
(25, 25, 1, 76, 74),
(26, 26, 1, 96, 81),
(27, 27, 1, 73, 81),
(28, 28, 1, 77, 84),
(29, 29, 1, 96, 79),
(30, 30, 1, 99, 73),
(31, 31, 1, 71, 92),
(32, 32, 1, 84, 74),
(33, 33, 1, 90, 78),
(34, 34, 1, 92, 77),
(35, 35, 1, 77, 96),
(36, 1, 2, 81, 75),
(37, 2, 2, 91, 71),
(38, 3, 2, 76, 93),
(39, 4, 2, 90, 96),
(40, 5, 2, 69, 88),
(41, 6, 2, 100, 94),
(42, 7, 2, 85, 86),
(43, 8, 2, 77, 90),
(44, 9, 2, 81, 79),
(45, 10, 2, 82, 77),
(46, 11, 2, 83, 92),
(47, 12, 2, 71, 79),
(48, 13, 2, 83, 81),
(49, 14, 2, 71, 89),
(50, 15, 2, 72, 74),
(51, 16, 2, 73, 97),
(52, 17, 2, 76, 96),
(53, 18, 2, 68, 95),
(54, 19, 2, 86, 69),
(55, 20, 2, 82, 75),
(56, 21, 2, 93, 88),
(57, 22, 2, 72, 96),
(58, 23, 2, 90, 75),
(59, 24, 2, 99, 82),
(60, 25, 2, 67, 91),
(61, 26, 2, 84, 92),
(62, 27, 2, 84, 93),
(63, 28, 2, 89, 84),
(64, 29, 2, 99, 72),
(65, 30, 2, 69, 83),
(66, 31, 2, 69, 89),
(67, 32, 2, 86, 80),
(68, 33, 2, 88, 99),
(69, 34, 2, 96, 68),
(70, 35, 2, 79, 96),
(71, 1, 3, 91, 71),
(72, 2, 3, 67, 70),
(73, 3, 3, 96, 82),
(74, 4, 3, 79, 81),
(75, 5, 3, 69, 91),
(76, 6, 3, 71, 86),
(77, 7, 3, 69, 91),
(78, 8, 3, 69, 78),
(79, 9, 3, 89, 72),
(80, 10, 3, 99, 80),
(81, 11, 3, 84, 94),
(82, 12, 3, 83, 86),
(83, 13, 3, 82, 81),
(84, 14, 3, 83, 86),
(85, 15, 3, 73, 92),
(86, 16, 3, 89, 72),
(87, 17, 3, 82, 85),
(88, 18, 3, 92, 69),
(89, 19, 3, 69, 85),
(90, 20, 3, 84, 70),
(91, 21, 3, 90, 83),
(92, 22, 3, 91, 98),
(93, 23, 3, 72, 72),
(94, 24, 3, 70, 79),
(95, 25, 3, 72, 76),
(96, 26, 3, 81, 71),
(97, 27, 3, 82, 88),
(98, 28, 3, 80, 100),
(99, 29, 3, 95, 98),
(100, 30, 3, 95, 90),
(101, 31, 3, 67, 99),
(102, 32, 3, 81, 99),
(103, 33, 3, 91, 81),
(104, 34, 3, 99, 86),
(105, 35, 3, 92, 70),
(106, 1, 4, 73, 75),
(107, 2, 4, 95, 92),
(108, 3, 4, 94, 94),
(109, 4, 4, 91, 70),
(110, 5, 4, 88, 98),
(111, 6, 4, 72, 98),
(112, 7, 4, 80, 79),
(113, 8, 4, 98, 99),
(114, 9, 4, 94, 97),
(115, 10, 4, 91, 99),
(116, 11, 4, 90, 76),
(117, 12, 4, 77, 89),
(118, 13, 4, 91, 75),
(119, 14, 4, 83, 94),
(120, 15, 4, 90, 85),
(121, 16, 4, 99, 73),
(122, 17, 4, 78, 98),
(123, 18, 4, 82, 84),
(124, 19, 4, 81, 72),
(125, 20, 4, 93, 86),
(126, 21, 4, 90, 99),
(127, 22, 4, 89, 69),
(128, 23, 4, 96, 70),
(129, 24, 4, 96, 93),
(130, 25, 4, 91, 78),
(131, 26, 4, 70, 82),
(132, 27, 4, 68, 80),
(133, 28, 4, 71, 95),
(134, 29, 4, 84, 68),
(135, 30, 4, 92, 90),
(136, 31, 4, 98, 68),
(137, 32, 4, 88, 92),
(138, 33, 4, 67, 70),
(139, 34, 4, 87, 93),
(140, 35, 4, 84, 67),
(141, 1, 5, 79, 84),
(142, 2, 5, 74, 84),
(143, 3, 5, 90, 91),
(144, 4, 5, 95, 78),
(145, 5, 5, 77, 70),
(146, 6, 5, 71, 75),
(147, 7, 5, 100, 83),
(148, 8, 5, 96, 67),
(149, 9, 5, 82, 85),
(150, 10, 5, 94, 78),
(151, 11, 5, 83, 70),
(152, 12, 5, 88, 67),
(153, 13, 5, 95, 95),
(154, 14, 5, 72, 93),
(155, 15, 5, 74, 85),
(156, 16, 5, 71, 79),
(157, 17, 5, 81, 99),
(158, 18, 5, 75, 85),
(159, 19, 5, 73, 95),
(160, 20, 5, 77, 69),
(161, 21, 5, 75, 98),
(162, 22, 5, 68, 89),
(163, 23, 5, 79, 100),
(164, 24, 5, 74, 70),
(165, 25, 5, 76, 92),
(166, 26, 5, 86, 71),
(167, 27, 5, 92, 100),
(168, 28, 5, 96, 83),
(169, 29, 5, 84, 81),
(170, 30, 5, 95, 99),
(171, 31, 5, 79, 94),
(172, 32, 5, 74, 74),
(173, 33, 5, 100, 98),
(174, 34, 5, 93, 70),
(175, 35, 5, 73, 83),
(176, 1, 6, 76, 77),
(177, 2, 6, 90, 75),
(178, 3, 6, 82, 87),
(179, 4, 6, 75, 67),
(180, 5, 6, 69, 91),
(181, 6, 6, 87, 82),
(182, 7, 6, 96, 81),
(183, 8, 6, 84, 79),
(184, 9, 6, 87, 83),
(185, 10, 6, 91, 83),
(186, 11, 6, 100, 87),
(187, 12, 6, 100, 86),
(188, 13, 6, 94, 86),
(189, 14, 6, 69, 79),
(190, 15, 6, 95, 71),
(191, 16, 6, 90, 88),
(192, 17, 6, 92, 68),
(193, 18, 6, 88, 70),
(194, 19, 6, 79, 67),
(195, 20, 6, 88, 84),
(196, 21, 6, 81, 95),
(197, 22, 6, 80, 89),
(198, 23, 6, 89, 74),
(199, 24, 6, 92, 75),
(200, 25, 6, 94, 99),
(201, 26, 6, 81, 69),
(202, 27, 6, 89, 93),
(203, 28, 6, 71, 95),
(204, 29, 6, 98, 82),
(205, 30, 6, 88, 77),
(206, 31, 6, 79, 90),
(207, 32, 6, 90, 75),
(208, 33, 6, 92, 76),
(209, 34, 6, 69, 81),
(210, 35, 6, 94, 98),
(211, 1, 7, 83, 85),
(212, 2, 7, 76, 81),
(213, 3, 7, 91, 79),
(214, 4, 7, 99, 84),
(215, 5, 7, 84, 88),
(216, 6, 7, 85, 99),
(217, 7, 7, 87, 71),
(218, 8, 7, 94, 82),
(219, 9, 7, 92, 87),
(220, 10, 7, 84, 94),
(221, 11, 7, 90, 93),
(222, 12, 7, 80, 91),
(223, 13, 7, 74, 80),
(224, 14, 7, 74, 100),
(225, 15, 7, 67, 75),
(226, 16, 7, 91, 78),
(227, 17, 7, 96, 68),
(228, 18, 7, 88, 85),
(229, 19, 7, 85, 85),
(230, 20, 7, 91, 77),
(231, 21, 7, 93, 85),
(232, 22, 7, 92, 81),
(233, 23, 7, 77, 91),
(234, 24, 7, 83, 88),
(235, 25, 7, 97, 96),
(236, 26, 7, 87, 89),
(237, 27, 7, 76, 91),
(238, 28, 7, 98, 76),
(239, 29, 7, 74, 68),
(240, 30, 7, 73, 74),
(241, 31, 7, 82, 86),
(242, 32, 7, 71, 76),
(243, 33, 7, 92, 68),
(244, 34, 7, 83, 72),
(245, 35, 7, 96, 75),
(246, 1, 8, 67, 87),
(247, 2, 8, 84, 98),
(248, 3, 8, 83, 80),
(249, 4, 8, 83, 93),
(250, 5, 8, 88, 76),
(251, 6, 8, 84, 88),
(252, 7, 8, 74, 67),
(253, 8, 8, 78, 72),
(254, 9, 8, 100, 77),
(255, 10, 8, 91, 73),
(256, 11, 8, 89, 99),
(257, 12, 8, 80, 80),
(258, 13, 8, 68, 90),
(259, 14, 8, 71, 86),
(260, 15, 8, 95, 75),
(261, 16, 8, 90, 82),
(262, 17, 8, 94, 80),
(263, 18, 8, 93, 94),
(264, 19, 8, 91, 97),
(265, 20, 8, 73, 79),
(266, 21, 8, 77, 82),
(267, 22, 8, 88, 97),
(268, 23, 8, 77, 96),
(269, 24, 8, 97, 71),
(270, 25, 8, 84, 96),
(271, 26, 8, 91, 94),
(272, 27, 8, 88, 73),
(273, 28, 8, 95, 91),
(274, 29, 8, 82, 87),
(275, 30, 8, 67, 86),
(276, 31, 8, 90, 96),
(277, 32, 8, 67, 72),
(278, 33, 8, 70, 90),
(279, 34, 8, 85, 73),
(280, 35, 8, 81, 96),
(281, 1, 9, 99, 97),
(282, 2, 9, 96, 99),
(283, 3, 9, 72, 74),
(284, 4, 9, 69, 85),
(285, 5, 9, 77, 76),
(286, 6, 9, 70, 76),
(287, 7, 9, 72, 95),
(288, 8, 9, 91, 96),
(289, 9, 9, 83, 88),
(290, 10, 9, 89, 68),
(291, 11, 9, 67, 81),
(292, 12, 9, 91, 88),
(293, 13, 9, 83, 100),
(294, 14, 9, 86, 77),
(295, 15, 9, 90, 100),
(296, 16, 9, 68, 96),
(297, 17, 9, 79, 76),
(298, 18, 9, 95, 68),
(299, 19, 9, 74, 84),
(300, 20, 9, 91, 86),
(301, 21, 9, 69, 84),
(302, 22, 9, 82, 74),
(303, 23, 9, 87, 67),
(304, 24, 9, 92, 92),
(305, 25, 9, 87, 92),
(306, 26, 9, 80, 97),
(307, 27, 9, 95, 83),
(308, 28, 9, 71, 80),
(309, 29, 9, 67, 99),
(310, 30, 9, 90, 67),
(311, 31, 9, 97, 98),
(312, 32, 9, 95, 84),
(313, 33, 9, 75, 71),
(314, 34, 9, 78, 88),
(315, 35, 9, 94, 78),
(316, 1, 10, 97, 70),
(317, 2, 10, 78, 76),
(318, 3, 10, 77, 90),
(319, 4, 10, 86, 90),
(320, 5, 10, 77, 72),
(321, 6, 10, 75, 79),
(322, 7, 10, 88, 74),
(323, 8, 10, 72, 68),
(324, 9, 10, 68, 89),
(325, 10, 10, 67, 82),
(326, 11, 10, 77, 74),
(327, 12, 10, 87, 79),
(328, 13, 10, 71, 89),
(329, 14, 10, 88, 83),
(330, 15, 10, 77, 90),
(331, 16, 10, 97, 88),
(332, 17, 10, 86, 71),
(333, 18, 10, 70, 84),
(334, 19, 10, 89, 89),
(335, 20, 10, 67, 96),
(336, 21, 10, 78, 68),
(337, 22, 10, 80, 83),
(338, 23, 10, 79, 69),
(339, 24, 10, 100, 70),
(340, 25, 10, 82, 82),
(341, 26, 10, 85, 82),
(342, 27, 10, 80, 98),
(343, 28, 10, 94, 76),
(344, 29, 10, 98, 77),
(345, 30, 10, 84, 79),
(346, 31, 10, 93, 76),
(347, 32, 10, 82, 81),
(348, 33, 10, 92, 88),
(349, 34, 10, 79, 75),
(350, 35, 10, 84, 70),
(351, 1, 11, 99, 85),
(352, 2, 11, 97, 82),
(353, 3, 11, 68, 70),
(354, 4, 11, 87, 80),
(355, 5, 11, 77, 89),
(356, 6, 11, 80, 91),
(357, 7, 11, 85, 98),
(358, 8, 11, 67, 72),
(359, 9, 11, 84, 91),
(360, 10, 11, 74, 82),
(361, 11, 11, 98, 91),
(362, 12, 11, 93, 79),
(363, 13, 11, 85, 92),
(364, 14, 11, 80, 89),
(365, 15, 11, 71, 83),
(366, 16, 11, 96, 69),
(367, 17, 11, 81, 91),
(368, 18, 11, 98, 78),
(369, 19, 11, 72, 74),
(370, 20, 11, 78, 74),
(371, 21, 11, 71, 90),
(372, 22, 11, 94, 83),
(373, 23, 11, 69, 98),
(374, 24, 11, 71, 96),
(375, 25, 11, 90, 88),
(376, 26, 11, 67, 70),
(377, 27, 11, 94, 87),
(378, 28, 11, 75, 99),
(379, 29, 11, 70, 85),
(380, 30, 11, 86, 73),
(381, 31, 11, 80, 74),
(382, 32, 11, 92, 84),
(383, 33, 11, 79, 81),
(384, 34, 11, 83, 92),
(385, 35, 11, 94, 95);

--
-- Indexes for dumped tables
--

--
-- Indexes for table `daftar_nilai`
--
ALTER TABLE `daftar_nilai`
 ADD PRIMARY KEY (`id_daftar_nilai`);

--
-- Indexes for table `guru`
--
ALTER TABLE `guru`
 ADD PRIMARY KEY (`nip_guru`);

--
-- Indexes for table `hasil_raport`
--
ALTER TABLE `hasil_raport`
 ADD PRIMARY KEY (`id_hasil_raport`);

--
-- Indexes for table `kelas`
--
ALTER TABLE `kelas`
 ADD PRIMARY KEY (`id_kelas`);

--
-- Indexes for table `login`
--
ALTER TABLE `login`
 ADD PRIMARY KEY (`id_login`);

--
-- Indexes for table `login_guru`
--
ALTER TABLE `login_guru`
 ADD PRIMARY KEY (`id_login`);

--
-- Indexes for table `mapel`
--
ALTER TABLE `mapel`
 ADD PRIMARY KEY (`id_mapel`);

--
-- Indexes for table `mengajar`
--
ALTER TABLE `mengajar`
 ADD PRIMARY KEY (`id_mengajar`);

--
-- Indexes for table `siswa`
--
ALTER TABLE `siswa`
 ADD PRIMARY KEY (`no_induk`);

--
-- Indexes for table `tugas`
--
ALTER TABLE `tugas`
 ADD PRIMARY KEY (`id_tugas`);

--
-- Indexes for table `uas`
--
ALTER TABLE `uas`
 ADD PRIMARY KEY (`id_uas`);

--
-- Indexes for table `ulangan_harian`
--
ALTER TABLE `ulangan_harian`
 ADD PRIMARY KEY (`id_ulangan`);

--
-- Indexes for table `uts`
--
ALTER TABLE `uts`
 ADD PRIMARY KEY (`id_uts`);

--
-- AUTO_INCREMENT for dumped tables
--

--
-- AUTO_INCREMENT for table `daftar_nilai`
--
ALTER TABLE `daftar_nilai`
MODIFY `id_daftar_nilai` int(11) NOT NULL AUTO_INCREMENT,AUTO_INCREMENT=13;
--
-- AUTO_INCREMENT for table `hasil_raport`
--
ALTER TABLE `hasil_raport`
MODIFY `id_hasil_raport` int(11) NOT NULL AUTO_INCREMENT,AUTO_INCREMENT=36;
--
-- AUTO_INCREMENT for table `kelas`
--
ALTER TABLE `kelas`
MODIFY `id_kelas` int(11) NOT NULL AUTO_INCREMENT,AUTO_INCREMENT=25;
--
-- AUTO_INCREMENT for table `login`
--
ALTER TABLE `login`
MODIFY `id_login` int(11) NOT NULL AUTO_INCREMENT,AUTO_INCREMENT=3;
--
-- AUTO_INCREMENT for table `login_guru`
--
ALTER TABLE `login_guru`
MODIFY `id_login` int(11) NOT NULL AUTO_INCREMENT,AUTO_INCREMENT=4;
--
-- AUTO_INCREMENT for table `mapel`
--
ALTER TABLE `mapel`
MODIFY `id_mapel` int(11) NOT NULL AUTO_INCREMENT,AUTO_INCREMENT=12;
--
-- AUTO_INCREMENT for table `mengajar`
--
ALTER TABLE `mengajar`
MODIFY `id_mengajar` int(11) NOT NULL AUTO_INCREMENT,AUTO_INCREMENT=36;
--
-- AUTO_INCREMENT for table `tugas`
--
ALTER TABLE `tugas`
MODIFY `id_tugas` int(11) NOT NULL AUTO_INCREMENT,AUTO_INCREMENT=3081;
--
-- AUTO_INCREMENT for table `uas`
--
ALTER TABLE `uas`
MODIFY `id_uas` int(11) NOT NULL AUTO_INCREMENT,AUTO_INCREMENT=386;
--
-- AUTO_INCREMENT for table `ulangan_harian`
--
ALTER TABLE `ulangan_harian`
MODIFY `id_ulangan` int(11) NOT NULL AUTO_INCREMENT,AUTO_INCREMENT=3081;
--
-- AUTO_INCREMENT for table `uts`
--
ALTER TABLE `uts`
MODIFY `id_uts` int(11) NOT NULL AUTO_INCREMENT,AUTO_INCREMENT=386;
/*!40101 SET CHARACTER_SET_CLIENT=@OLD_CHARACTER_SET_CLIENT */;
/*!40101 SET CHARACTER_SET_RESULTS=@OLD_CHARACTER_SET_RESULTS */;
/*!40101 SET COLLATION_CONNECTION=@OLD_COLLATION_CONNECTION */;
